country,date,curvefit_preds
United States,2020-02-16,-4882.048390560727
United States,2020-02-17,-4880.58320584823
United States,2020-02-18,-4878.886613033274
United States,2020-02-19,-4876.922065023445
United States,2020-02-20,-4874.647243057628
United States,2020-02-21,-4872.013145336555
United States,2020-02-22,-4868.963031784167
United States,2020-02-23,-4865.431202242078
United States,2020-02-24,-4861.341581823089
United States,2020-02-25,-4856.606083011449
United States,2020-02-26,-4851.122709309635
United States,2020-02-27,-4844.773359692514
United States,2020-02-28,-4837.421286723135
United States,2020-02-29,-4828.908153775268
United States,2020-03-01,-4819.050628241196
United States,2020-03-02,-4807.636437700618
United States,2020-03-03,-4794.419804582523
United States,2020-03-04,-4779.116161630982
United States,2020-03-05,-4761.396035217595
United States,2020-03-06,-4740.877965918409
United States,2020-03-07,-4717.120315437886
United States,2020-03-08,-4689.611785513842
United States,2020-03-09,-4657.760447416746
United States,2020-03-10,-4620.881049545092
United States,2020-03-11,-4578.180334829268
United States,2020-03-12,-4528.740058530827
United States,2020-03-13,-4471.497349826639
United States,2020-03-14,-4405.222006482304
United States,2020-03-15,-4328.490250050138
United States,2020-03-16,-4239.654398400511
United States,2020-03-17,-4136.8078319697925
United States,2020-03-18,-4017.7445387920247
United States,2020-03-19,-3879.91242006262
United States,2020-03-20,-3720.359421575161
United States,2020-03-21,-3535.671425887589
United States,2020-03-22,-3321.900694721266
United States,2020-03-23,-3074.4834904292534
United States,2020-03-24,-2788.1453294904054
United States,2020-03-25,-2456.792130824441
United States,2020-03-26,-2073.3853194229746
United States,2020-03-27,-1629.7987352245445
United States,2020-03-28,-1116.6549846167059
United States,2020-03-29,-523.1386670383508
United States,2020-03-30,163.21627399852514
United States,2020-03-31,956.7679673956418
United States,2020-04-01,1874.0397616191385
United States,2020-04-02,2934.0280283903694
United States,2020-04-03,4158.547351204602
United States,2020-04-04,5572.615400447613
United States,2020-04-05,7204.879051987345
United States,2020-04-06,9088.082128231075
United States,2020-04-07,11259.573385646869
United States,2020-04-08,13761.850863452615
United States,2020-04-09,16643.135232583354
United States,2020-04-10,19957.960097401887
United States,2020-04-11,23767.76103596253
United States,2020-04-12,28141.437243868328
United States,2020-04-13,33155.84972752681
United States,2020-04-14,38896.20791779191
United States,2020-04-15,45456.28236237766
United States,2020-04-16,52938.36512294721
United States,2020-04-17,61452.88243536227
United States,2020-04-18,71117.54754661724
United States,2020-04-19,82055.92777521229
United States,2020-04-20,94395.29221169693
United States,2020-04-21,108263.60975078783
United States,2020-04-22,123785.58709379529
United States,2020-04-23,141077.67936545046
United States,2020-04-24,160242.0780283212
United States,2020-04-25,181359.78571884285
United States,2020-04-26,204483.02488309497
United States,2020-04-27,229627.3889135711
United States,2020-04-28,256764.31363207297
United States,2020-04-29,285814.5958017092
United States,2020-04-30,316643.7778210291
United States,2020-05-01,349060.21518498345
United States,2020-05-02,382816.51414752885
United States,2020-05-03,417614.75878935616
United States,2020-05-04,453115.55634785496
United States,2020-05-05,488950.46780904685
United States,2020-05-06,524736.9356702629
United States,2020-05-07,560094.4616662528
United States,2020-05-08,594660.600736186
United States,2020-05-09,628105.3651991434
United States,2020-05-10,660142.868752573
United States,2020-05-11,690539.431362899
United States,2020-05-12,719117.831268671
United States,2020-05-13,745757.8406481682
United States,2020-05-14,770393.5445281614
United States,2020-05-15,793008.1759845263
United States,2020-05-16,813627.2957915019
United States,2020-05-17,832311.1198350802
United States,2020-05-18,849146.6872438528
United States,2020-05-19,864240.4050986737
United States,2020-05-20,877711.3360812216
United States,2020-05-21,889685.438570945
United States,2020-05-22,900290.8391893696
United States,2020-05-23,909654.1213092046
United States,2020-05-24,917897.5488089352
United States,2020-05-25,925137.1077639556
United States,2020-05-26,931481.2336113837
United States,2020-05-27,937030.09130518
United States,2020-05-28,941875.2855725621
United States,2020-05-29,946099.8932295223
United States,2020-05-30,949778.7264475494
United States,2020-05-31,952978.7527772917
United States,2020-06-01,955759.6133609641
United States,2020-06-02,958174.1944546303
United States,2020-06-03,960269.2189058716
United States,2020-06-04,962085.8336283235
United States,2020-06-05,963660.1765681496
United States,2020-06-06,965023.9124250017
United States,2020-06-07,966204.7307467418
United States,2020-06-08,967226.8032273343
United States,2020-06-09,968111.1993378563
United States,2020-06-10,968876.261014728
United States,2020-06-11,969537.9381856496
United States,2020-06-12,970110.0875686315
United States,2020-06-13,970604.7375407661
United States,2020-06-14,971032.3220248299
United States,2020-06-15,971401.8863474283
United States,2020-06-16,971721.2679303406
United States,2020-06-17,971997.2545226102
United States,2020-06-18,972235.7224906639
United States,2020-06-19,972441.7574757634
United States,2020-06-20,972619.7595153073
United States,2020-06-21,972773.5345155154
United States,2020-06-22,972906.3737635157
United States,2020-06-23,973021.1229801392
United States,2020-06-24,973120.2422426332
India,2020-02-16,-48.46150400396766
India,2020-02-17,-48.44909348673464
India,2020-02-18,-48.43470968607961
India,2020-02-19,-48.41803885010773
India,2020-02-20,-48.39871734106823
India,2020-02-21,-48.37632370384333
India,2020-02-22,-48.35036947345978
India,2020-02-23,-48.32028852117563
India,2020-02-24,-48.285424706841006
India,2020-02-25,-48.24501756831816
India,2020-02-26,-48.19818573597202
India,2020-02-27,-48.14390771067734
India,2020-02-28,-48.080999586357336
India,2020-02-29,-48.008089231524764
India,2020-03-01,-47.92358636719813
India,2020-03-02,-47.825647889243335
India,2020-03-03,-47.71213767971311
India,2020-03-04,-47.58058003188855
India,2020-03-05,-47.428105674883895
India,2020-03-06,-47.25138922287004
India,2020-03-07,-47.046576687750296
India,2020-03-08,-46.80920147849514
India,2020-03-09,-46.53408706070562
India,2020-03-10,-46.21523416101435
India,2020-03-11,-45.84569006652268
India,2020-03-12,-45.41739718255595
India,2020-03-13,-44.921017564475505
India,2020-03-14,-44.34572962178234
India,2020-03-15,-43.67899259457103
India,2020-03-16,-42.90627371126772
India,2020-03-17,-42.010732138474836
India,2020-03-18,-40.972852912629605
India,2020-03-19,-39.77002298083961
India,2020-03-20,-38.3760402540178
India,2020-03-21,-36.76054516595847
India,2020-03-22,-34.88836261103484
India,2020-03-23,-32.71874027144125
India,2020-03-24,-30.20446720983171
India,2020-03-25,-27.29085415909454
India,2020-03-26,-23.91455414905463
India,2020-03-27,-20.002198928643807
India,2020-03-28,-15.468823028121648
India,2020-03-29,-10.216043215172796
India,2020-03-30,-4.129956488312267
India,2020-03-31,2.9212854176685994
India,2020-04-01,11.090272796735377
India,2020-04-02,20.553560151222165
India,2020-04-03,31.515374888852982
India,2020-04-04,44.21188115405686
India,2020-04-05,58.9160753873846
India,2020-04-06,75.94339848204811
India,2020-04-07,95.6581577146824
India,2020-04-08,118.48085956429833
India,2020-04-09,144.89656150696194
India,2020-04-10,175.46435604047662
India,2020-04-11,210.82810237783283
India,2020-04-12,251.72851884293718
India,2020-04-13,299.0167398455683
India,2020-04-14,353.66942254468654
India,2020-04-15,416.8054562075828
India,2020-04-16,489.7042770762127
India,2020-04-17,573.8257172920067
India,2020-04-18,670.8312107953676
India,2020-04-19,782.6060334083251
India,2020-04-20,911.28205857229
India,2020-04-21,1059.260253653579
India,2020-04-22,1229.2318136056238
India,2020-04-23,1424.1964199852587
India,2020-04-24,1647.475618967077
India,2020-04-25,1902.7187352651226
India,2020-04-26,2193.8980964490124
India,2020-04-27,2525.2896713697023
India,2020-04-28,2901.4345938290085
India,2020-04-29,3327.076553026713
India,2020-04-30,3807.0698362185644
India,2020-05-01,4346.253105032775
India,2020-05-02,4949.2850136858415
India,2020-05-03,5620.439788476106
India,2020-05-04,6363.364102882014
India,2020-05-05,7180.801110056567
India,2020-05-06,8074.2932318292615
India,2020-05-07,9043.881828874442
India,2020-05-08,10087.828369469034
India,2020-05-09,11202.386950590162
India,2020-05-10,12381.660506174536
India,2020-05-11,13617.57127995933
India,2020-05-12,14899.969109915739
India,2020-05-13,16216.88865852715
India,2020-05-14,17554.950092562885
India,2020-05-15,18899.87933582695
India,2020-05-16,20237.107252616617
India,2020-05-17,21552.395424388418
India,2020-05-18,22832.43213774212
India,2020-05-19,24065.346728755318
India,2020-05-20,25241.102497578195
India,2020-05-21,26351.745362758626
India,2020-05-22,27391.503790083498
India,2020-05-23,28356.751974515722
India,2020-05-24,29245.860375977336
India,2020-05-25,30058.964423542988
India,2020-05-26,30797.683682111903
India,2020-05-27,31464.821094273964
India,2020-05-28,32064.066562656615
India,2020-05-29,32599.722613823233
India,2020-05-30,33076.46338631246
India,2020-05-31,33499.13250965334
India,2020-06-01,33872.58098883689
India,2020-06-02,34201.543067323386
India,2020-06-03,34490.54609361278
India,2020-06-04,34743.84943846672
India,2020-06-05,34965.407248267016
India,2020-06-06,35158.850037874734
India,2020-06-07,35327.480627776735
India,2020-06-08,35474.28056751042
India,2020-06-09,35601.92385798174
India,2020-06-10,35712.79542471782
India,2020-06-11,35809.01236639301
India,2020-06-12,35892.446492395444
India,2020-06-13,35964.74706717231
India,2020-06-14,36027.36300283593
India,2020-06-15,36081.56399428194
India,2020-06-16,36128.460283648405
India,2020-06-17,36169.02088409231
India,2020-06-18,36204.09019647158
India,2020-06-19,36234.40302521422
India,2020-06-20,36260.59804866434
India,2020-06-21,36283.22983041261
India,2020-06-22,36302.77947624288
India,2020-06-23,36319.66405002592
India,2020-06-24,36334.24486397991
Italy,2020-02-16,-2086.7471263129464
Italy,2020-02-17,-2078.7117742203795
Italy,2020-02-18,-2069.6636258264875
Italy,2020-02-19,-2059.4751380566654
Italy,2020-02-20,-2048.002736245801
Italy,2020-02-21,-2035.0848071114592
Italy,2020-02-22,-2020.5394426281298
Italy,2020-02-23,-2004.161904467687
Italy,2020-02-24,-1985.7217751341761
Italy,2020-02-25,-1964.9597580146428
Italy,2020-02-26,-1941.584084265564
Italy,2020-02-27,-1915.2664797320997
Italy,2020-02-28,-1885.637639933995
Italy,2020-02-29,-1852.2821555322719
Italy,2020-03-01,-1814.732824608157
Italy,2020-03-02,-1772.4642815453526
Italy,2020-03-03,-1724.8858653311097
Italy,2020-03-04,-1671.3336427258612
Italy,2020-03-05,-1611.0614940715373
Italy,2020-03-06,-1543.2311616317766
Italy,2020-03-07,-1466.9011524528257
Italy,2020-03-08,-1381.014380040151
Italy,2020-03-09,-1284.3844219884813
Italy,2020-03-10,-1175.6802645190755
Italy,2020-03-11,-1053.409400244134
Italy,2020-03-12,-915.8991431453821
Italy,2020-03-13,-761.2760256880911
Italy,2020-03-14,-587.4431484228969
Italy,2020-03-15,-392.0553639042573
Italy,2020-03-16,-172.49219620631584
Italy,2020-03-17,74.17157287593182
Italy,2020-03-18,351.197676789262
Italy,2020-03-19,662.2184623872745
Italy,2020-03-20,1011.273198635944
Italy,2020-03-21,1402.8463747739274
Italy,2020-03-22,1841.9076291703304
Italy,2020-03-23,2333.952775049793
Italy,2020-03-24,2885.0451701568495
Italy,2020-03-25,3501.856407514621
Italy,2020-03-26,4191.704977231604
Italy,2020-03-27,4962.591159451984
Italy,2020-03-28,5823.225952863424
Italy,2020-03-29,6783.051322254436
Italy,2020-03-30,7852.248468833966
Italy,2020-03-31,9041.730203181072
Italy,2020-04-01,10363.11285913804
Italy,2020-04-02,11828.662569196187
Italy,2020-04-03,13451.210188322311
Italy,2020-04-04,15244.028786314935
Italy,2020-04-05,17220.667535555065
Italy,2020-04-06,19394.73613228366
Italy,2020-04-07,21779.63475571062
Italy,2020-04-08,24388.226149988302
Italy,2020-04-09,27232.448860139404
Italy,2020-04-10,30322.874079066634
Italy,2020-04-11,33668.21301090249
Italy,2020-04-12,37274.78705234931
Italy,2020-04-13,41145.97920370595
Italy,2020-04-14,45281.69151275117
Italy,2020-04-15,49677.83938208615
Italy,2020-04-16,54325.918395988796
Italy,2020-04-17,59212.6819866059
Italy,2020-04-18,64319.967807072055
Italy,2020-04-19,69624.70633870891
Italy,2020-04-20,75099.13664271017
Italy,2020-04-21,80711.24145414485
Italy,2020-04-22,86425.39787022337
Italy,2020-04-23,92203.22224118961
Italy,2020-04-24,98004.57057872711
Italy,2020-04-25,103788.64110815509
Italy,2020-04-26,109515.11557181424
Italy,2020-04-27,115145.2720170862
Italy,2020-04-28,120643.0046569979
Italy,2020-04-29,125975.69554366979
Italy,2020-04-30,131114.8968907063
Italy,2020-05-01,136036.79992094816
Italy,2020-05-02,140722.48384817323
Italy,2020-05-03,145157.954922875
Italy,2020-05-04,149333.9987545737
Italy,2020-05-05,153245.8783962572
Italy,2020-05-06,156892.91566021636
Italy,2020-05-07,160277.99414044735
Italy,2020-05-08,163407.02017145805
Italy,2020-05-09,166288.3733956063
Italy,2020-05-10,168932.37270954042
Italy,2020-05-11,171350.77697750847
Italy,2020-05-12,173556.33371271487
Italy,2020-05-13,175562.3834021921
Italy,2020-05-14,177382.52254872036
Italy,2020-05-15,179030.32492082706
Italy,2020-05-16,180519.1179115756
Italy,2020-05-17,181861.80920260077
Italy,2020-05-18,183070.7579644372
Italy,2020-05-19,184157.6844379288
Italy,2020-05-20,185133.61178173125
Italy,2020-05-21,186008.83440335223
Italy,2020-05-22,186792.90750514777
Italy,2020-05-23,187494.65318598284
Italy,2020-05-24,188122.17908029293
Italy,2020-05-25,188682.90614489294
Italy,2020-05-26,189183.60279163017
Italy,2020-05-27,189630.42309452358
Italy,2020-05-28,190028.9472658781
Italy,2020-05-29,190384.22299569068
Italy,2020-05-30,190700.80658516937
Italy,2020-05-31,190982.80308349125
Italy,2020-06-01,191233.9048633807
Italy,2020-06-02,191457.4282524779
Italy,2020-06-03,191656.347980464
Italy,2020-06-04,191833.3293127534
Italy,2020-06-05,191990.75782587784
Italy,2020-06-06,192130.76684241788
Italy,2020-06-07,192255.26258872758
Italy,2020-06-08,192365.9471703366
Italy,2020-06-09,192464.33948078792
Italy,2020-06-10,192551.79417223434
Italy,2020-06-11,192629.5188223657
Italy,2020-06-12,192698.58943377607
Italy,2020-06-13,192759.96439997986
Italy,2020-06-14,192814.4970679513
Italy,2020-06-15,192862.9470210741
Italy,2020-06-16,192905.99019934927
Italy,2020-06-17,192944.22796607242
Italy,2020-06-18,192978.19522230537
Italy,2020-06-19,193008.367662569
Italy,2020-06-20,193035.16825746963
Italy,2020-06-21,193058.97304154918
Italy,2020-06-22,193080.11627761094
Italy,2020-06-23,193098.89506216336
Italy,2020-06-24,193115.5734304717
Canada,2020-02-16,-276.92455518528095
Canada,2020-02-17,-276.7110846307946
Canada,2020-02-18,-276.4687207129665
Canada,2020-02-19,-276.19355300678063
Canada,2020-02-20,-275.88114193983023
Canada,2020-02-21,-275.52644721539343
Canada,2020-02-22,-275.12374656086024
Canada,2020-02-23,-274.6665434959961
Canada,2020-02-24,-274.1474626399832
Canada,2020-02-25,-273.55813087720696
Canada,2020-02-26,-272.889042476292
Canada,2020-02-27,-272.1294060014603
Canada,2020-02-28,-271.26697056600767
Canada,2020-02-29,-270.2878286501871
Canada,2020-03-01,-269.17619233514796
Canada,2020-03-02,-267.91413938531446
Canada,2020-03-03,-266.4813251375568
Canada,2020-03-04,-264.85465561987485
Canada,2020-03-05,-263.00791671747334
Canada,2020-03-06,-260.9113535216421
Canada,2020-03-07,-258.53119322747517
Canada,2020-03-08,-255.82910407997394
Canada,2020-03-09,-252.76158189335752
Canada,2020-03-10,-249.27925457338782
Canada,2020-03-11,-245.32609384426408
Canada,2020-03-12,-240.8385220063943
Canada,2020-03-13,-235.74440001471578
Canada,2020-03-14,-229.9618814544226
Canada,2020-03-15,-223.3981150871664
Canada,2020-03-16,-215.94777653177727
Canada,2020-03-17,-207.49140731637465
Canada,2020-03-18,-197.8935369828714
Canada,2020-03-19,-187.0005611336477
Canada,2020-03-20,-174.6383452827134
Canada,2020-03-21,-160.6095211175208
Canada,2020-03-22,-144.6904383120478
Canada,2020-03-23,-126.62773139236586
Canada,2020-03-24,-106.13445740005449
Canada,2020-03-25,-82.88575631312489
Canada,2020-03-26,-56.513982493603265
Canada,2020-03-27,-26.60325201070077
Canada,2020-03-28,7.316652221746551
Canada,2020-03-29,45.777077632991166
Canada,2020-03-30,89.37806246714752
Canada,2020-03-31,138.7967195017584
Canada,2020-04-01,194.79649944543092
Canada,2020-04-02,258.2373834660351
Canada,2020-04-03,330.0870427160172
Canada,2020-04-04,411.4329850971817
Canada,2020-04-05,503.49568408312416
Canada,2020-04-06,607.6426490663677
Canada,2020-04-07,725.4033488958503
Canada,2020-04-08,858.4848370904
Canada,2020-04-09,1008.7878453507104
Canada,2020-04-10,1178.423007853717
Canada,2020-04-11,1369.726748697471
Canada,2020-04-12,1585.2762052687162
Canada,2020-04-13,1827.9023684118047
Canada,2020-04-14,2100.7003946759864
Canada,2020-04-15,2407.0357876214825
Canada,2020-04-16,2750.5448589714324
Canada,2020-04-17,3135.1275766242993
Canada,2020-04-18,3564.930603100993
Canada,2020-04-19,4044.3180526883816
Canada,2020-04-20,4577.827288262819
Canada,2020-04-21,5170.106993226856
Canada,2020-04-22,5825.834858014955
Canada,2020-04-23,6549.612594229692
Canada,2020-04-24,7345.836719212409
Canada,2020-04-25,8218.544722249066
Canada,2020-04-26,9171.23789259729
Canada,2020-04-27,10206.684277857457
Canada,2020-04-28,11326.70789747113
Canada,2020-04-29,12531.9733113701
Canada,2020-04-30,13821.77767101259
Canada,2020-05-01,15193.865070089276
Canada,2020-05-02,16644.279876798308
Canada,2020-05-03,18167.276239593375
Canada,2020-05-04,19755.299638010845
Canada,2020-05-05,21399.052897359914
Canada,2020-05-06,23087.65349304108
Canada,2020-05-07,24808.881610687946
Canada,2020-05-08,26549.51007220956
Canada,2020-05-09,28295.698969411886
Canada,2020-05-10,30033.430885919148
Canada,2020-05-11,31748.958047581444
Canada,2020-05-12,33429.23138295104
Canada,2020-05-13,35062.28353153733
Canada,2020-05-14,36637.54295694826
Canada,2020-05-15,38146.06365260125
Canada,2020-05-16,39580.66331328047
Canada,2020-05-17,40935.971076211805
Canada,2020-05-18,42208.39297959749
Canada,2020-05-19,43396.00845347542
Canada,2020-05-20,44498.4141568032
Canada,2020-05-21,45516.53238334565
Canada,2020-05-22,46452.40042580656
Canada,2020-05-23,47308.955208742154
Canada,2020-05-24,48089.824703458034
Canada,2020-05-25,48799.13459359107
Canada,2020-05-26,49441.335733094034
Canada,2020-05-27,50021.0553703864
Canada,2020-05-28,50542.9730302076
Canada,2020-05-29,51011.72038277793
Canada,2020-05-30,51431.80335841554
Canada,2020-05-31,51807.54411690968
Canada,2020-06-01,52143.040170207576
Canada,2020-06-02,52442.13789844701
Canada,2020-06-03,52708.41781525003
Canada,2020-06-04,52945.18916350384
Canada,2020-06-05,53155.49170684037
Canada,2020-06-06,53342.102887457804
Canada,2020-06-07,53507.54882224437
Canada,2020-06-08,53654.11789021472
Canada,2020-06-09,53783.875916038654
Canada,2020-06-10,53898.68217304516
Canada,2020-06-11,54000.20561411214
Canada,2020-06-12,54089.94089207762
Canada,2020-06-13,54169.22385574219
Canada,2020-06-14,54239.24630675245
Canada,2020-06-15,54301.06988035999
Canada,2020-06-16,54355.63897278495
Canada,2020-06-17,54403.79268290803
Canada,2020-06-18,54446.27576911534
Canada,2020-06-19,54483.748645766995
Canada,2020-06-20,54516.79646000006
Canada,2020-06-21,54545.93730009949
Canada,2020-06-22,54571.629592850855
Canada,2020-06-23,54594.278750225465
Canada,2020-06-24,54614.243126315596
Spain,2020-02-16,-1407.1843854540032
Spain,2020-02-17,-1406.4847091063273
Spain,2020-02-18,-1405.6692800673704
Spain,2020-02-19,-1404.7189496356211
Spain,2020-02-20,-1403.6114017894347
Spain,2020-02-21,-1402.3206294369015
Spain,2020-02-22,-1400.8163241100938
Spain,2020-02-23,-1399.0631648180515
Spain,2020-02-24,-1397.019989421759
Spain,2020-02-25,-1394.638829158719
Spain,2020-02-26,-1391.863783762522
Spain,2020-02-27,-1388.6297109222733
Spain,2020-02-28,-1384.8606995251037
Spain,2020-02-29,-1380.4682911267184
Spain,2020-03-01,-1375.349408290214
Spain,2020-03-02,-1369.3839416960575
Spain,2020-03-03,-1362.4319401118487
Spain,2020-03-04,-1354.3303382544923
Spain,2020-03-05,-1344.8891470925605
Spain,2020-03-06,-1333.8870190112032
Spain,2020-03-07,-1321.0660862580899
Spain,2020-03-08,-1306.1259549411209
Spain,2020-03-09,-1288.7167182638216
Spain,2020-03-10,-1268.4308313423994
Spain,2020-03-11,-1244.793665505736
Spain,2020-03-12,-1217.2525320751477
Spain,2020-03-13,-1185.1639338871732
Spain,2020-03-14,-1147.7787669033676
Spain,2020-03-15,-1104.2251538268447
Spain,2020-03-16,-1053.4885464730073
Spain,2020-03-17,-994.3886836107206
Spain,2020-03-18,-925.5529362010884
Spain,2020-03-19,-845.385512837495
Spain,2020-03-20,-752.0319356311462
Spain,2020-03-21,-643.338132372033
Spain,2020-03-22,-516.8034270678921
Spain,2020-03-23,-369.5266517963719
Spain,2020-03-24,-198.14455388689703
Spain,2020-03-25,1.2383580908469867
Spain,2020-03-26,233.12938684791106
Spain,2020-03-27,502.7374501771478
Spain,2020-03-28,816.0738179082969
Spain,2020-03-29,1180.064278815666
Spain,2020-03-30,1602.6728988378118
Spain,2020-03-31,2093.0370200571933
Spain,2020-04-01,2661.612404128587
Spain,2020-04-02,3320.3263749021817
Spain,2020-04-03,4082.735382219006
Spain,2020-04-04,4964.1815033895355
Spain,2020-04-05,5981.939930644158
Spain,2020-04-06,7155.346383756613
Spain,2020-04-07,8505.889592814132
Spain,2020-04-08,10057.249539927743
Spain,2020-04-09,11835.257169274457
Spain,2020-04-10,13867.746090215172
Spain,2020-04-11,16184.261982327786
Spain,2020-04-12,18815.591874370522
Spain,2020-04-13,21793.074521294326
Spain,2020-04-14,25147.656463814972
Spain,2020-04-15,28908.66805626722
Spain,2020-04-16,33102.311868054305
Spain,2020-04-17,37749.88402386242
Spain,2020-04-18,42865.787659227855
Spain,2020-04-19,48455.44499194537
Spain,2020-04-20,54513.2657479447
Spain,2020-04-21,61020.87648700123
Spain,2020-04-22,67945.84629866856
Spain,2020-04-23,75241.14665381072
Spain,2020-04-24,82845.54620230001
Spain,2020-04-25,90685.06054244554
Spain,2020-04-26,98675.45798717625
Spain,2020-04-27,106725.68212231816
Spain,2020-04-28,114741.9166830394
Spain,2020-04-29,122631.9171147464
Spain,2020-04-30,130309.1897768936
Spain,2020-05-01,137696.62464464808
Spain,2020-05-02,144729.27448381085
Spain,2020-05-03,151356.1021578205
Spain,2020-05-04,157540.65947177153
Spain,2020-05-05,163260.7879952069
Spain,2020-05-06,168507.5246803549
Spain,2020-05-07,173283.44410735485
Spain,2020-05-08,177600.67685365773
Spain,2020-05-09,181478.81920909937
Spain,2020-05-10,184942.9057951672
Spain,2020-05-11,188021.56564869513
Spain,2020-05-12,190745.43329690926
Spain,2020-05-13,193145.84504211458
Spain,2020-05-14,195253.81959344266
Spain,2020-05-15,197099.30141496475
Spain,2020-05-16,198710.63333117717
Spain,2020-05-17,200114.22002973934
Spain,2020-05-18,201334.34404665596
Spain,2020-05-19,202393.09878923916
Spain,2020-05-20,203310.40772170873
Spain,2020-05-21,204104.1039912982
Spain,2020-05-22,204790.0498500631
Spain,2020-05-23,205382.27984858843
Spain,2020-05-24,205893.1557612026
Spain,2020-05-25,206333.52449847377
Spain,2020-05-26,206712.87290126164
Spain,2020-05-27,207039.47536280353
Spain,2020-05-28,207320.5317796269
Spain,2020-05-29,207562.2944786111
Spain,2020-05-30,207770.18358963786
Spain,2020-05-31,207948.89090357305
Spain,2020-06-01,208102.4726344688
Spain,2020-06-02,208234.4317419691
Spain,2020-06-03,208347.79060371956
Spain,2020-06-04,208445.15488810415
Spain,2020-06-05,208528.7694876009
Spain,2020-06-06,208600.56734943716
Spain,2020-06-07,208662.21199544947
Spain,2020-06-08,208715.1344660594
Spain,2020-06-09,208760.56536035388
Spain,2020-06-10,208799.56257973347
Spain,2020-06-11,208833.03531932362
Spain,2020-06-12,208861.76479115852
Spain,2020-06-13,208886.42210709938
Spain,2020-06-14,208907.58369808234
Spain,2020-06-15,208925.74459977858
Spain,2020-06-16,208941.32989303328
Spain,2020-06-17,208954.70455031472
Spain,2020-06-18,208966.18190654984
Spain,2020-06-19,208976.03094379467
Spain,2020-06-20,208984.48255382746
Spain,2020-06-21,208991.73492058643
Spain,2020-06-22,208997.95814506247
Spain,2020-06-23,209003.29821846337
Spain,2020-06-24,209007.8804349012
France,2020-02-16,-660.0780013261457
France,2020-02-17,-658.821472417572
France,2020-02-18,-657.3932457730307
France,2020-02-19,-655.7698629880863
France,2020-02-20,-653.924661543945
France,2020-02-21,-651.8273374348386
France,2020-02-22,-649.4434481707751
France,2020-02-23,-646.7338480502051
France,2020-02-24,-643.6540465019629
France,2020-02-25,-640.1534790546333
France,2020-02-26,-636.174679085368
France,2020-02-27,-631.6523369079656
France,2020-02-28,-626.5122309580742
France,2020-02-29,-620.6700137952912
France,2020-03-01,-614.0298333384025
France,2020-03-02,-606.4827671485309
France,2020-03-03,-597.9050446397486
France,2020-03-04,-588.1560287884363
France,2020-03-05,-577.0759251885099
France,2020-03-06,-564.4831821132221
France,2020-03-07,-550.1715405459126
France,2020-03-08,-533.9066878792432
France,2020-03-09,-515.422463100329
France,2020-03-10,-494.4165547218764
France,2020-03-11,-470.54562543165326
France,2020-03-12,-443.4197893619354
France,2020-03-13,-412.5963589809098
France,2020-03-14,-377.57276884405377
France,2020-03-15,-337.778572797043
France,2020-03-16,-292.5663996998665
France,2020-03-17,-241.20174038793857
France,2020-03-18,-182.8514254942147
France,2020-03-19,-116.57064009010924
France,2020-03-20,-41.288307119331876
France,2020-03-21,44.20934232115462
France,2020-03-22,141.29720711049208
France,2020-03-23,251.5319698475389
France,2020-03-24,376.67518296385197
France,2020-03-25,518.7190097385158
France,2020-03-26,679.914842932915
France,2020-03-27,862.8050159911659
France,2020-03-28,1070.257802979513
France,2020-03-29,1305.5058698014086
France,2020-03-30,1572.1882858771303
France,2020-03-31,1874.3961264173488
France,2020-04-01,2216.7215833303453
France,2020-04-02,2604.3103489062996
France,2020-04-03,3042.9168304069863
France,2020-04-04,3538.961483741139
France,2020-04-05,4099.589207430267
France,2020-04-06,4732.72730020417
France,2020-04-07,5447.140943119691
France,2020-04-08,6252.483508097587
France,2020-04-09,7159.338211321032
France,2020-04-10,8179.246721609791
France,2020-04-11,9324.719312387468
France,2020-04-12,10609.220041119104
France,2020-04-13,12047.119307726323
France,2020-04-14,13653.605073336841
France,2020-04-15,15444.543145671338
France,2020-04-16,17436.27644076313
France,2020-04-17,19645.353249924385
France,2020-04-18,22088.175563300578
France,2020-04-19,24780.56074804975
France,2020-04-20,27737.21367102466
France,2020-04-21,30971.11195760119
France,2020-04-22,34492.81461895797
France,2020-04-23,38309.71365327566
France,2020-04-24,42425.25898371382
France,2020-04-25,46838.19835824639
France,2020-04-26,51541.88425639234
France,2020-04-27,56523.707668125855
France,2020-04-28,61764.72185004923
France,2020-04-29,67239.51594859213
France,2020-04-30,72916.3873835136
France,2020-05-01,78757.84280292004
France,2020-05-02,84721.43134360404
France,2020-05-03,90760.88346768434
France,2020-05-04,96827.49769166371
France,2020-05-05,102871.69063459038
France,2020-05-06,108844.60731245774
France,2020-05-07,114699.6816338978
France,2020-05-08,120394.04282083665
France,2020-05-09,125889.68098212863
France,2020-05-10,131154.3113288174
France,2020-05-11,136161.9072859535
France,2020-05-12,140892.9034509432
France,2020-05-13,145334.09598272215
France,2020-05-14,149478.2878301488
France,2020-05-15,153323.73798631498
France,2020-05-16,156873.47787201536
France,2020-05-17,160134.55525452588
France,2020-05-18,163117.25863964306
France,2020-05-19,165834.36482265586
France,2020-05-20,168300.44103677044
France,2020-05-21,170531.22228624646
France,2020-05-22,172543.074919942
France,2020-05-23,174352.54977539042
France,2020-05-24,175976.02243854044
France,2020-05-25,177429.41420893036
France,2020-05-26,178727.98497875134
France,2020-05-27,179886.1881086844
France,2020-05-28,180917.57719074373
France,2020-05-29,181834.75503706798
France,2020-05-30,182649.35608116377
France,2020-05-31,183372.0544360636
France,2020-06-01,184012.59098477213
France,2020-06-02,184579.8139886533
France,2020-06-03,185081.7287305277
France,2020-06-04,185525.55262917676
France,2020-06-05,185917.77305750645
France,2020-06-06,186264.20576730106
France,2020-06-07,186570.05237664192
France,2020-06-08,186839.95582337832
France,2020-06-09,187078.0530431191
France,2020-06-10,187288.02440696303
France,2020-06-11,187473.1396657958
France,2020-06-12,187636.3003064007
France,2020-06-13,187780.07834032716
France,2020-06-14,187906.75162834552
France,2020-06-15,188018.3358988494
France,2020-06-16,188116.61365386876
France,2020-06-17,188203.16017636948
France,2020-06-18,188279.36686120095
France,2020-06-19,188346.46209251616
France,2020-06-20,188405.52988516336
France,2020-06-21,188457.52649829027
France,2020-06-22,188503.29521763817
France,2020-06-23,188543.57948978298
France,2020-06-24,188579.03457769525
United Kingdom,2020-02-16,-535.35566446592
United Kingdom,2020-02-17,-535.1173017366539
United Kingdom,2020-02-18,-534.8421192387929
United Kingdom,2020-02-19,-534.5244295942395
United Kingdom,2020-02-20,-534.1576669729133
United Kingdom,2020-02-21,-533.7342514271259
United Kingdom,2020-02-22,-533.2454322797689
United Kingdom,2020-02-23,-532.6811073341906
United Kingdom,2020-02-24,-532.0296141755175
United Kingdom,2020-02-25,-531.2774892585085
United Kingdom,2020-02-26,-530.409189814101
United Kingdom,2020-02-27,-529.406772842159
United Kingdom,2020-02-28,-528.2495245760908
United Kingdom,2020-02-29,-526.9135327881496
United Kingdom,2020-03-01,-525.3711931319323
United Kingdom,2020-03-02,-523.5906393673691
United Kingdom,2020-03-03,-521.5350857564285
United Kingdom,2020-03-04,-519.1620681240158
United Kingdom,2020-03-05,-516.4225680128321
United Kingdom,2020-03-06,-513.2600019829739
United Kingdom,2020-03-07,-509.60905537081436
United Kingdom,2020-03-08,-505.39433667490147
United Kingdom,2020-03-09,-500.52882511981153
United Kingdom,2020-03-10,-494.9120797948691
United Kingdom,2020-03-11,-488.42817399749293
United Kingdom,2020-03-12,-480.9433129454121
United Kingdom,2020-03-13,-472.3030867628115
United Kingdom,2020-03-14,-462.3293034867464
United Kingdom,2020-03-15,-450.8163386651895
United Kingdom,2020-03-16,-437.52692879939923
United Kingdom,2020-03-17,-422.1873252834819
United Kingdom,2020-03-18,-404.4817134672232
United Kingdom,2020-03-19,-384.04578786310526
United Kingdom,2020-03-20,-360.45935918258886
United Kingdom,2020-03-21,-333.23785167404407
United Kingdom,2020-03-22,-301.8225300154778
United Kingdom,2020-03-23,-265.56927369116477
United Kingdom,2020-03-24,-223.73569330658313
United Kingdom,2020-03-25,-175.46635770623317
United Kingdom,2020-03-26,-119.77587321072394
United Kingdom,2020-03-27,-55.52952711445624
United Kingdom,2020-03-28,18.57882263864633
United Kingdom,2020-03-29,104.05196003716958
United Kingdom,2020-03-30,202.61800337554087
United Kingdom,2020-03-31,316.26298078306377
United Kingdom,2020-04-01,447.26771199399514
United Kingdom,2020-04-02,598.249429120717
United Kingdom,2020-04-03,772.2085634776247
United Kingdom,2020-04-04,972.5810972473071
United Kingdom,2020-04-05,1203.2968185664974
United Kingdom,2020-04-06,1468.843714226162
United Kingdom,2020-04-07,1774.3385700498745
United Kingdom,2020-04-08,2125.603605620465
United Kingdom,2020-04-09,2529.248623426154
United Kingdom,2020-04-10,2992.7576740741997
United Kingdom,2020-04-11,3524.5785958715305
United Kingdom,2020-04-12,4134.212942208799
United Kingdom,2020-04-13,4832.302725993756
United Kingdom,2020-04-14,5630.709052017021
United Kingdom,2020-04-15,6542.576050661625
United Kingdom,2020-04-16,7582.371565404994
United Kingdom,2020-04-17,8765.893813586401
United Kingdom,2020-04-18,10110.23082290506
United Kingdom,2020-04-19,11633.657015430705
United Kingdom,2020-04-20,13355.449148745227
United Kingdom,2020-04-21,15295.602352977616
United Kingdom,2020-04-22,17474.42680620891
United Kingdom,2020-04-23,19912.007410581533
United Kingdom,2020-04-24,22627.51352474115
United Kingdom,2020-04-25,25638.354243245925
United Kingdom,2020-04-26,28959.187583062303
United Kingdom,2020-04-27,32600.80948303832
United Kingdom,2020-04-28,36568.97019109782
United Kingdom,2020-04-29,40863.1897093271
United Kingdom,2020-04-30,45475.66741511132
United Kingdom,2020-05-01,50390.39936803763
United Kingdom,2020-05-02,55582.62488739491
United Kingdom,2020-05-03,61018.716645881344
United Kingdom,2020-05-04,66656.60229192187
United Kingdom,2020-05-05,72446.7601945678
United Kingdom,2020-05-06,78333.77133671433
United Kingdom,2020-05-07,84258.34213233321
United Kingdom,2020-05-08,90159.65060759762
United Kingdom,2020-05-09,95977.82308685538
United Kingdom,2020-05-10,101656.32971201003
United Kingdom,2020-05-11,107144.09885889181
United Kingdom,2020-05-12,112397.19025459107
United Kingdom,2020-05-13,117379.92596360749
United Kingdom,2020-05-14,122065.44561639702
United Kingdom,2020-05-15,126435.71530922041
United Kingdom,2020-05-16,130481.06913149882
United Kingdom,2020-05-17,134199.3931559417
United Kingdom,2020-05-18,137595.07330189485
United Kingdom,2020-05-19,140677.82361694938
United Kingdom,2020-05-20,143461.49507481788
United Kingdom,2020-05-21,145962.94229138672
United Kingdom,2020-05-22,148201.00128814514
United Kingdom,2020-05-23,150195.6089894834
United Kingdom,2020-05-24,151967.07653529043
United Kingdom,2020-05-25,153535.51451622683
United Kingdom,2020-05-26,154920.39880907175
United Kingdom,2020-05-27,156140.26018927133
United Kingdom,2020-05-28,157212.47848022592
United Kingdom,2020-05-29,158153.161791861
United Kingdom,2020-05-30,158977.09262999578
United Kingdom,2020-05-31,159697.72470098984
United Kingdom,2020-06-01,160327.21663371252
United Kingdom,2020-06-02,160876.49128011768
United Kingdom,2020-06-03,161355.31154260974
United Kingdom,2020-06-04,161772.36570605348
United Kingdom,2020-06-05,162135.35698197395
United Kingdom,2020-06-06,162451.09339970353
United Kingdom,2020-06-07,162725.57532517493
United Kingdom,2020-06-08,162964.07878597788
United Kingdom,2020-06-09,163171.2334687808
United Kingdom,2020-06-10,163351.0947693973
United Kingdom,2020-06-11,163507.2096507152
United Kingdom,2020-06-12,163642.67632910656
United Kingdom,2020-06-13,163760.19799084603
United Kingdom,2020-06-14,163862.1308569976
United Kingdom,2020-06-15,163950.5269846429
United Kingdom,2020-06-16,164027.17222717608
United Kingdom,2020-06-17,164093.61978669834
United Kingdom,2020-06-18,164151.2197849581
United Kingdom,2020-06-19,164201.145261528
United Kingdom,2020-06-20,164244.41498322893
United Kingdom,2020-06-21,164281.91342027523
United Kingdom,2020-06-22,164314.40821441257
United Kingdom,2020-06-23,164342.565433969
United Kingdom,2020-06-24,164366.9628812521
Iraq,2020-02-16,1.1205186632136266
Iraq,2020-02-17,1.1302367506108997
Iraq,2020-02-18,1.1414265375346782
Iraq,2020-02-19,1.1543108735246295
Iraq,2020-02-20,1.1691463450735067
Iraq,2020-02-21,1.1862283805356117
Iraq,2020-02-22,1.2058971266724767
Iraq,2020-02-23,1.2285442132085955
Iraq,2020-02-24,1.2546205392342447
Iraq,2020-02-25,1.2846452353493076
Iraq,2020-02-26,1.3192159784672293
Iraq,2020-02-27,1.3590208626188005
Iraq,2020-02-28,1.4048520593958032
Iraq,2020-02-29,1.4576215364027012
Iraq,2020-03-01,1.5183791418588315
Iraq,2020-03-02,1.5883334090088912
Iraq,2020-03-03,1.6688754860337944
Iraq,2020-03-04,1.7616066565731663
Iraq,2020-03-05,1.8683699837329457
Iraq,2020-03-06,1.9912866876082571
Iraq,2020-03-07,2.1327979540454303
Iraq,2020-03-08,2.2957129718234555
Iraq,2020-03-09,2.4832641079470514
Iraq,2020-03-10,2.6991702576434506
Iraq,2020-03-11,2.9477095482721953
Iraq,2020-03-12,3.2338027359528203
Iraq,2020-03-13,3.563108811388029
Iraq,2020-03-14,3.9421345279125024
Iraq,2020-03-15,4.378359780549805
Iraq,2020-03-16,4.880380999392807
Iraq,2020-03-17,5.45807497243064
Iraq,2020-03-18,6.122785778967273
Iraq,2020-03-19,6.887537789779435
Iraq,2020-03-20,7.767277965920563
Iraq,2020-03-21,8.779150952317089
Iraq,2020-03-22,9.942810697328248
Iraq,2020-03-23,11.280772510394836
Iraq,2020-03-24,12.818809562582967
Iraq,2020-03-25,14.586397792983714
Iraq,2020-03-26,16.6172129459808
Iraq,2020-03-27,18.949682949572548
Iraq,2020-03-28,21.62759794883416
Iraq,2020-03-29,24.70077889839452
Iraq,2020-03-30,28.225803527333838
Iraq,2020-03-31,32.26678551547101
Iraq,2020-04-01,36.896198617747146
Iraq,2020-04-02,42.195731960153594
Iraq,2020-04-03,48.25715549072712
Iraq,2020-04-04,55.18316527083713
Iraq,2020-04-05,63.0881666187178
Iraq,2020-04-06,72.09893881966953
Iraq,2020-04-07,82.35510809450219
Iraq,2020-04-08,94.00933593431101
Iraq,2020-04-09,107.22710835671612
Iraq,2020-04-10,122.18598933941102
Iraq,2020-04-11,139.07418073827563
Iraq,2020-04-12,158.08821462200393
Iraq,2020-04-13,179.42959670875052
Iraq,2020-04-14,203.30022743298815
Iraq,2020-04-15,229.89645726958298
Iraq,2020-04-16,259.40169303329
Iraq,2020-04-17,291.9775690080102
Iraq,2020-04-18,327.7538353236201
Iraq,2020-04-19,366.817295024205
Iraq,2020-04-20,409.2003314163393
Iraq,2020-04-21,454.86978818279186
Iraq,2020-04-22,503.7171639163117
Iraq,2020-04-23,555.5512174463701
Iraq,2020-04-24,610.0941036251174
Iraq,2020-04-25,666.9820302145172
Iraq,2020-04-26,725.7711235527585
Iraq,2020-04-27,785.9487239988774
Iraq,2020-04-28,846.9497509247359
Iraq,2020-04-29,908.1771663923971
Iraq,2020-04-30,969.0250327981076
Iraq,2020-05-01,1028.9023054123518
Iraq,2020-05-02,1087.2553981799322
Iraq,2020-05-03,1143.5877318267474
Iraq,2020-05-04,1197.4748816651852
Iraq,2020-05-05,1248.5745061489104
Iraq,2020-05-06,1296.6308499871648
Iraq,2020-05-07,1341.4741746145974
Iraq,2020-05-08,1383.0158970543346
Iraq,2020-05-09,1421.2404765982678
Iraq,2020-05-10,1456.195176086814
Iraq,2020-05-11,1487.9787687005403
Iraq,2020-05-12,1516.7301056925792
Iraq,2020-05-13,1542.6172521061706
Iraq,2020-05-14,1565.8276767522707
Iraq,2020-05-15,1586.5597790118004
Iraq,2020-05-16,1605.0158657596235
Iraq,2020-05-17,1621.3965638193763
Iraq,2020-05-18,1635.8965661765978
Iraq,2020-05-19,1648.7015584137578
Iraq,2020-05-20,1659.9861481008559
Iraq,2020-05-21,1669.9126164958302
Iraq,2020-05-22,1678.630321979345
Iraq,2020-05-23,1686.2756025590581
Iraq,2020-05-24,1692.9720463258093
Iraq,2020-05-25,1698.8310210136945
Iraq,2020-05-26,1703.9523749564082
Iraq,2020-05-27,1708.4252407023343
Iraq,2020-05-28,1712.3288888853754
Iraq,2020-05-29,1715.7335935635135
Iraq,2020-05-30,1718.7014812807993
Iraq,2020-05-31,1721.2873448536006
Iraq,2020-06-01,1723.5394096529017
Iraq,2020-06-02,1725.5000452811767
Iraq,2020-06-03,1727.2064193333558
Iraq,2020-06-04,1728.691092660238
Iraq,2020-06-05,1729.982557452972
Iraq,2020-06-06,1731.1057207327551
Iraq,2020-06-07,1732.0823366179702
Iraq,2020-06-08,1732.9313911767397
Iraq,2020-06-09,1733.6694438542909
Iraq,2020-06-10,1734.310929467108
Iraq,2020-06-11,1734.8684246369235
Iraq,2020-06-12,1735.3528823401275
Iraq,2020-06-13,1735.7738380036988
Iraq,2020-06-14,1736.1395903101632
Iraq,2020-06-15,1736.457359597555
Iraq,2020-06-16,1736.733426466958
Iraq,2020-06-17,1736.9732529474238
Iraq,2020-06-18,1737.1815883203858
Iraq,2020-06-19,1737.3625614758453
Iraq,2020-06-20,1737.5197614617066
Iraq,2020-06-21,1737.6563076959321
Iraq,2020-06-22,1737.7749111381788
Iraq,2020-06-23,1737.877927562413
Iraq,2020-06-24,1737.9674039334827
Japan,2020-02-16,152.50265203843844
Japan,2020-02-17,152.5681747017607
Japan,2020-02-18,152.64218068875726
Japan,2020-02-19,152.72576826680512
Japan,2020-02-20,152.82017786445974
Japan,2020-02-21,152.9268104667474
Japan,2020-02-22,153.0472483890413
Japan,2020-02-23,153.1832787366073
Japan,2020-02-24,153.3369198964204
Japan,2020-02-25,153.5104514524175
Japan,2020-02-26,153.70644796559873
Japan,2020-02-27,153.92781711703392
Japan,2020-02-28,154.17784277566722
Japan,2020-02-29,154.46023362473562
Japan,2020-03-01,154.77917806162534
Japan,2020-03-02,155.1394061771932
Japan,2020-03-03,155.54625972322236
Japan,2020-03-04,156.00577109214007
Japan,2020-03-05,156.5247524629279
Japan,2020-03-06,157.11089641299608
Japan,2020-03-07,157.77288945953723
Japan,2020-03-08,158.52054017756848
Japan,2020-03-09,159.36492374776012
Japan,2020-03-10,160.318545017666
Japan,2020-03-11,161.39552241775345
Japan,2020-03-12,162.61179536150456
Japan,2020-03-13,163.98535807982066
Japan,2020-03-14,165.53652319715846
Japan,2020-03-15,167.28821875349556
Japan,2020-03-16,169.26632281564488
Japan,2020-03-17,171.5000403068061
Japan,2020-03-18,174.02232721755453
Japan,2020-03-19,176.87036794730727
Japan,2020-03-20,180.0861121646027
Japan,2020-03-21,183.71687826819903
Japan,2020-03-22,187.81603127850786
Japan,2020-03-23,192.4437437876338
Japan,2020-03-24,197.6678494408933
Japan,2020-03-25,203.56479930393454
Japan,2020-03-26,210.2207323732325
Japan,2020-03-27,217.73267239292574
Japan,2020-03-28,226.20986401823114
Japan,2020-03-29,235.77526217448033
Japan,2020-03-30,246.5671891465413
Japan,2020-03-31,258.74117442355436
Japan,2020-04-01,272.4719925237738
Japan,2020-04-02,287.9559138114337
Japan,2020-04-03,305.41318253561246
Japan,2020-04-04,325.09073477250786
Japan,2020-04-05,347.2651663905856
Japan,2020-04-06,372.2459572778555
Japan,2020-04-07,400.37895250016174
Japan,2020-04-08,432.05009335128284
Japan,2020-04-09,467.68938087982565
Japan,2020-04-10,507.77504081844245
Japan,2020-04-11,552.8378411988374
Japan,2020-04-12,603.4654915417938
Japan,2020-04-13,660.3070245526203
Japan,2020-04-14,724.0770269225661
Japan,2020-04-15,795.5595444147712
Japan,2020-04-16,875.6114373819541
Japan,2020-04-17,965.1649060789894
Japan,2020-04-18,1065.2288410585036
Japan,2020-04-19,1176.8885839403965
Japan,2020-04-20,1301.3036105760077
Japan,2020-04-21,1439.702576451362
Japan,2020-04-22,1593.3750996450453
Japan,2020-04-23,1763.6596089596821
Japan,2020-04-24,1951.9265661162556
Japan,2020-04-25,2159.556396268166
Japan,2020-04-26,2387.9115482552857
Japan,2020-04-27,2638.3022741008717
Japan,2020-04-28,2911.9459846952345
Japan,2020-04-29,3209.9204198969082
Japan,2020-04-30,3533.1113724824568
Japan,2020-05-01,3882.1563187302027
Japan,2020-05-02,4257.386006674854
Japan,2020-05-03,4658.766784761703
Japan,2020-05-04,5085.847141078248
Japan,2020-05-05,5537.712465310792
Japan,2020-05-06,6012.95232640738
Japan,2020-05-07,6509.644464959514
Japan,2020-05-08,7025.3591415223855
Japan,2020-05-09,7557.186421567504
Japan,2020-05-10,8101.78744814601
Japan,2020-05-11,8655.468873092184
Japan,2020-05-12,9214.277585596097
Japan,2020-05-13,9774.110948333782
Japan,2020-05-14,10330.836195621952
Japan,2020-05-15,10880.411698100144
Japan,2020-05-16,11419.002602226792
Japan,2020-05-17,11943.083941482128
Japan,2020-05-18,12449.525596894724
Japan,2020-05-19,12935.655261211617
Japan,2020-05-20,13399.297575803323
Japan,2020-05-21,13838.789593910402
Japan,2020-05-22,14252.974447140907
Japan,2020-05-23,14641.176394193388
Japan,2020-05-24,15003.161236608188
Japan,2020-05-25,15339.08640128315
Japan,2020-05-26,15649.444880901754
Japan,2020-05-27,15935.00679589871
Japan,2020-05-28,16196.761712292278
Japan,2020-05-29,16435.8641286109
Japan,2020-05-30,16653.583822276734
Japan,2020-05-31,16851.262085609837
Japan,2020-06-01,17030.274322851837
Japan,2020-06-02,17191.999039002527
Japan,2020-06-03,17337.79292887934
Japan,2020-06-04,17468.97155969997
Japan,2020-06-05,17586.795015685075
Japan,2020-06-06,17692.45781956261
Japan,2020-06-07,17787.082444828025
Japan,2020-06-08,17871.715767680726
Japan,2020-06-09,17947.32786508177
Japan,2020-06-10,18014.812634742557
Japan,2020-06-11,18074.989786253784
Japan,2020-06-12,18128.607824608607
Japan,2020-06-13,18176.347714621097
Japan,2020-06-14,18218.826975240165
Japan,2020-06-15,18256.60400564111
Japan,2020-06-16,18290.18249011909
Japan,2020-06-17,18320.015766568064
Japan,2020-06-18,18346.51107434324
Japan,2020-06-19,18370.033622350526
Japan,2020-06-20,18390.91043810126
Japan,2020-06-21,18409.433974008538
Japan,2020-06-22,18425.86545912038
Japan,2020-06-23,18440.43799344175
Japan,2020-06-24,18453.359388564964
Germany,2020-02-16,-876.2008644823795
Germany,2020-02-17,-875.7679159519041
Germany,2020-02-18,-875.2611029034208
Germany,2020-02-19,-874.6678240707097
Germany,2020-02-20,-873.9733286437008
Germany,2020-02-21,-873.1603496805768
Germany,2020-02-22,-872.208675032534
Germany,2020-02-23,-871.0946451414361
Germany,2020-02-24,-869.7905652632552
Germany,2020-02-25,-868.2640175574437
Germany,2020-02-26,-866.4770560132073
Germany,2020-02-27,-864.3852642987258
Germany,2020-02-28,-861.9366532498133
Germany,2020-02-29,-859.070370780441
Germany,2020-03-01,-855.7151924064842
Germany,2020-03-02,-851.7877552191547
Germany,2020-03-03,-847.1904919027164
Germany,2020-03-04,-841.8092141207635
Germany,2020-03-05,-835.5102861345541
Germany,2020-03-06,-828.1373196809504
Germany,2020-03-07,-819.5073097169814
Germany,2020-03-08,-809.4061173969798
Germany,2020-03-09,-797.5831913231024
Germany,2020-03-10,-783.745400409478
Germany,2020-03-11,-767.5498313066818
Germany,2020-03-12,-748.5953799068611
Germany,2020-03-13,-726.4129396362575
Germany,2020-03-14,-700.4539586852035
Germany,2020-03-15,-670.0771036893077
Germany,2020-03-16,-634.532728373682
Germany,2020-03-17,-592.9448021163469
Germany,2020-03-18,-544.2899052537987
Germany,2020-03-19,-487.37284547796366
Germany,2020-03-20,-420.79839349030846
Germany,2020-03-21,-342.9385773953835
Germany,2020-03-22,-251.8949161722943
Germany,2020-03-23,-145.45491616708603
Germany,2020-03-24,-21.04210572848865
Germany,2020-03-25,124.3411511028446
Germany,2020-03-26,294.17883054897175
Germany,2020-03-27,492.51515447975476
Germany,2020-03-28,724.0378785852758
Germany,2020-03-29,994.1714472699546
Germany,2020-03-30,1309.1802132810421
Germany,2020-03-31,1676.2814745062333
Germany,2020-04-01,2103.7674208962017
Germany,2020-04-02,2601.1341449277356
Germany,2020-04-03,3179.214571846645
Germany,2020-04-04,3850.3104250738274
Germany,2020-04-05,4628.316070156301
Germany,2020-04-06,5528.824202017588
Germany,2020-04-07,6569.199814181135
Germany,2020-04-08,7768.604744090773
Germany,2020-04-09,9147.950474967247
Germany,2020-04-10,10729.752128439666
Germany,2020-04-11,12537.852307311163
Germany,2020-04-12,14596.980596486845
Germany,2020-04-13,16932.114460438916
Germany,2020-04-14,19567.61174283109
Germany,2020-04-15,22526.095994035473
Germany,2020-04-16,25827.09536628024
Germany,2020-04-17,29485.465097040767
Germany,2020-04-18,33509.662404350296
Germany,2020-04-19,37899.98819721963
Germany,2020-04-20,42646.95629817836
Germany,2020-04-21,47729.98834185931
Germany,2020-04-22,53116.64917783641
Germany,2020-04-23,58762.62166651905
Germany,2020-04-24,64612.56355089859
Germany,2020-04-25,70601.8933509875
Germany,2020-04-26,76659.42885226558
Germany,2020-04-27,82710.67315284043
Germany,2020-04-28,88681.43742486302
Germany,2020-04-29,94501.43206320025
Germany,2020-04-30,100107.46335906144
Germany,2020-05-01,105445.93983765313
Germany,2020-05-02,110474.50399781113
Germany,2020-05-03,115162.73481417258
Germany,2020-05-04,119491.98641596727
Germany,2020-05-05,123454.51797037195
Germany,2020-05-06,127052.11902133317
Germany,2020-05-07,130294.44429881958
Germany,2020-05-08,133197.25098504097
Germany,2020-05-09,135780.69168186656
Germany,2020-05-10,138067.76957284578
Germany,2020-05-11,140083.0175048957
Germany,2020-05-12,141851.42539823698
Germany,2020-05-13,143397.6127878191
Germany,2020-05-14,144745.22532749962
Germany,2020-05-15,145916.52431147205
Germany,2020-05-16,146932.1346982932
Germany,2020-05-17,147810.91777201227
Germany,2020-05-18,148569.9377485945
Germany,2020-05-19,149224.49604591617
Germany,2020-05-20,149788.21169342427
Germany,2020-05-21,150273.1309099688
Germany,2020-05-22,150689.8529254726
Germany,2020-05-23,151047.66253909815
Germany,2020-05-24,151354.66267922567
Germany,2020-05-25,151617.90240758826
Germany,2020-05-26,151843.49747010184
Germany,2020-05-27,152036.74172823728
Germany,2020-05-28,152202.20869219027
Germany,2020-05-29,152343.8429963871
Germany,2020-05-30,152465.0420731747
Germany,2020-05-31,152568.72854417868
Germany,2020-06-01,152657.41400220498
Germany,2020-06-02,152733.25493175216
Germany,2020-06-03,152798.1015374739
Germany,2020-06-04,152853.5402353435
Germany,2020-06-05,152900.93052399938
Germany,2020-06-06,152941.4369032379
Germany,2020-06-07,152976.05644947468
Germany,2020-06-08,153005.6425987429
Germany,2020-06-09,153030.9256294164
Germany,2020-06-10,153052.5302812189
Germany,2020-06-11,153070.99089530326
Germany,2020-06-12,153086.7644128138
Germany,2020-06-13,153100.24152655745
Germany,2020-06-14,153111.7562421599
Germany,2020-06-15,153121.59407115105
Germany,2020-06-16,153129.99904852096
Germany,2020-06-17,153137.17974106697
Germany,2020-06-18,153143.31438996067
Germany,2020-06-19,153148.55531104346
Germany,2020-06-20,153153.03265908096
Germany,2020-06-21,153156.85764724953
Germany,2020-06-22,153160.12530021032
Germany,2020-06-23,153162.91680798848
Germany,2020-06-24,153165.30153828234
Brazil,2020-02-16,-222.82642293684717
Brazil,2020-02-17,-222.6407840349221
Brazil,2020-02-18,-222.43086824327864
Brazil,2020-02-19,-222.19350089705924
Brazil,2020-02-20,-221.92509222276485
Brazil,2020-02-21,-221.62158307093338
Brazil,2020-02-22,-221.278383557469
Brazil,2020-02-23,-220.89030368781076
Brazil,2020-02-24,-220.45147491749714
Brazil,2020-02-25,-219.9552614663968
Brazil,2020-02-26,-219.39416004992512
Brazil,2020-02-27,-218.759686516684
Brazil,2020-02-28,-218.04224768559789
Brazil,2020-02-29,-217.2309964539055
Brazil,2020-03-01,-216.31366799707956
Brazil,2020-03-02,-215.27639459926655
Brazil,2020-03-03,-214.10349633410735
Brazil,2020-03-04,-212.77724445626507
Brazil,2020-03-05,-211.2775939585615
Brazil,2020-03-06,-209.5818812926158
Brazil,2020-03-07,-207.66448273594716
Brazil,2020-03-08,-205.49642830857888
Brazil,2020-03-09,-203.04496548942168
Brazil,2020-03-10,-200.2730662484235
Brazil,2020-03-11,-197.13887008505796
Brazil,2020-03-12,-193.595054836621
Brazil,2020-03-13,-189.58812597945288
Brazil,2020-03-14,-185.0576139800028
Brazil,2020-03-15,-179.9351679469633
Brazil,2020-03-16,-174.14353237588637
Brazil,2020-03-17,-167.59539214816772
Brazil,2020-03-18,-160.19206913070883
Brazil,2020-03-19,-151.82205170403253
Brazil,2020-03-20,-142.3593363080683
Brazil,2020-03-21,-131.6615576194914
Brazil,2020-03-22,-119.56788124673736
Brazil,2020-03-23,-105.89662983502451
Brazil,2020-03-24,-90.44261020377058
Brazil,2020-03-25,-72.97410558778716
Brazil,2020-03-26,-53.22949322437799
Brazil,2020-03-27,-30.913443434531217
Brazil,2020-03-28,-5.692652016241055
Brazil,2020-03-29,22.80894674978896
Brazil,2020-03-30,55.015543811893224
Brazil,2020-03-31,91.40545773822026
Brazil,2020-04-01,132.51784222506427
Brazil,2020-04-02,178.96016926782755
Brazil,2020-04-03,231.41656198469929
Brazil,2020-04-04,290.65705348004434
Brazil,2020-04-05,357.5478489768903
Brazil,2020-04-06,433.0626670808488
Brazil,2020-04-07,518.2952316238288
Brazil,2020-04-08,614.4729770159586
Brazil,2020-04-09,722.9720160842983
Brazil,2020-04-10,845.3333983609857
Brazil,2020-04-11,983.2806567054583
Brazil,2020-04-12,1138.7385986048907
Brazil,2020-04-13,1313.8532426546967
Brazil,2020-04-14,1511.0127272854188
Brazil,2020-04-15,1732.8689240521117
Brazil,2020-04-16,1982.3593676653368
Brazil,2020-04-17,2262.728965162957
Brazil,2020-04-18,2577.5507630476422
Brazil,2020-04-19,2930.744830261616
Brazil,2020-04-20,3326.5940542062835
Brazil,2020-04-21,3769.7553465356496
Brazil,2020-04-22,4265.264418600132
Brazil,2020-04-23,4818.531921877044
Brazil,2020-04-24,5435.32837250969
Brazil,2020-04-25,6121.754916917508
Brazil,2020-04-26,6884.196685275949
Brazil,2020-04-27,7729.255273876963
Brazil,2020-04-28,8663.656864144315
Brazil,2020-04-29,9694.132708945428
Brazil,2020-04-30,10827.269291405575
Brazil,2020-05-01,12069.326487704579
Brazil,2020-05-02,13426.023634554964
Brazil,2020-05-03,14902.295577072086
Brazil,2020-05-04,16502.02356225424
Brazil,2020-05-05,18227.749172063566
Brazil,2020-05-06,20080.383169904733
Brazil,2020-05-07,22058.924843202352
Brazil,2020-05-08,24160.210704979836
Brazil,2020-05-09,26378.713702260982
Brazil,2020-05-10,28706.414757779305
Brazil,2020-05-11,31132.766990972556
Brazil,2020-05-12,33644.76895938666
Brazil,2020-05-13,36227.15668745212
Brazil,2020-05-14,38862.71548089253
Brazil,2020-05-15,41532.702384247226
Brazil,2020-05-16,44217.35982433793
Brazil,2020-05-17,46896.491891515376
Brazil,2020-05-18,49550.06818697729
Brazil,2020-05-19,52158.81722600977
Brazil,2020-05-20,54704.772505031906
Brazil,2020-05-21,57171.739334569625
Brazil,2020-05-22,59545.65861938684
Brazil,2020-05-23,61814.85370284239
Brazil,2020-05-24,63970.15677785666
Brazil,2020-05-25,66004.92088552727
Brazil,2020-05-26,67914.93116604259
Brazil,2020-05-27,69698.23421512228
Brazil,2020-05-28,71354.9069961678
Brazil,2020-05-29,72886.78699887739
Brazil,2020-05-30,74297.18370395678
Brazil,2020-05-31,75590.58851011415
Brazil,2020-06-01,76772.39670084223
Brazil,2020-06-02,77848.65128719225
Brazil,2020-06-03,78825.8150436636
Brazil,2020-06-04,79710.57400466174
Brazil,2020-06-05,80509.67323190124
Brazil,2020-06-06,81229.78382424566
Brazil,2020-06-07,81877.39887898404
Brazil,2020-06-08,82458.75534627176
Brazil,2020-06-09,82979.77834836792
Brazil,2020-06-10,83446.04446353445
Brazil,2020-06-11,83862.76061136744
Brazil,2020-06-12,84234.75544656093
Brazil,2020-06-13,84566.48051219426
Brazil,2020-06-14,84862.01877733646
Brazil,2020-06-15,85125.09855610806
Brazil,2020-06-16,85359.11115622056
Brazil,2020-06-17,85567.13092269211
Brazil,2020-06-18,85751.93662133432
Brazil,2020-06-19,85916.03334539251
Brazil,2020-06-20,86061.6743288699
Brazil,2020-06-21,86190.88221468471
Brazil,2020-06-22,86305.46945886711
Brazil,2020-06-23,86407.0576577512
Brazil,2020-06-24,86497.095667738
