country,date,cases
United States,2020-01-22,1
United States,2020-01-23,1
United States,2020-01-24,2
United States,2020-01-25,2
United States,2020-01-26,5
United States,2020-01-27,5
United States,2020-01-28,5
United States,2020-01-29,5
United States,2020-01-30,5
United States,2020-01-31,7
United States,2020-02-01,8
United States,2020-02-02,8
United States,2020-02-03,11
United States,2020-02-04,11
United States,2020-02-05,11
United States,2020-02-06,11
United States,2020-02-07,11
United States,2020-02-08,11
United States,2020-02-09,11
United States,2020-02-10,11
United States,2020-02-11,12
United States,2020-02-12,12
United States,2020-02-13,13
United States,2020-02-14,13
United States,2020-02-15,13
United States,2020-02-16,13
United States,2020-02-17,13
United States,2020-02-18,13
United States,2020-02-19,13
United States,2020-02-20,13
United States,2020-02-21,15
United States,2020-02-22,15
United States,2020-02-23,15
United States,2020-02-24,51
United States,2020-02-25,51
United States,2020-02-26,57
United States,2020-02-27,58
United States,2020-02-28,60
United States,2020-02-29,68
United States,2020-03-01,74
United States,2020-03-02,98
United States,2020-03-03,118
United States,2020-03-04,149
United States,2020-03-05,217
United States,2020-03-06,262
United States,2020-03-07,402
United States,2020-03-08,518
United States,2020-03-09,583
United States,2020-03-10,959
United States,2020-03-11,1281
United States,2020-03-12,1663
United States,2020-03-13,2179
United States,2020-03-14,2727
United States,2020-03-15,3499
United States,2020-03-16,4632
United States,2020-03-17,6421
United States,2020-03-18,7783
United States,2020-03-19,13747
United States,2020-03-20,19273
United States,2020-03-21,25600
United States,2020-03-22,33276
United States,2020-03-23,43843
United States,2020-03-24,53736
United States,2020-03-25,65778
United States,2020-03-26,83836
United States,2020-03-27,101657
United States,2020-03-28,121465
United States,2020-03-29,140909
United States,2020-03-30,161831
United States,2020-03-31,188172
United States,2020-04-01,213242
United States,2020-04-02,243622
United States,2020-04-03,275367
United States,2020-04-04,308650
United States,2020-04-05,336802
United States,2020-04-06,366317
United States,2020-04-07,397121
United States,2020-04-08,428654
United States,2020-04-09,462780
United States,2020-04-10,496535
United States,2020-04-11,526396
United States,2020-04-12,555313
United States,2020-04-13,580619
United States,2020-04-14,607670
United States,2020-04-15,636350
United States,2020-04-16,667592
United States,2020-04-17,699706
United States,2020-04-18,732197
United States,2020-04-19,758809
United States,2020-04-20,784326
United States,2020-04-21,811865
United States,2020-04-22,840351
United States,2020-04-23,869170
United States,2020-04-24,905358
United States,2020-04-25,938154
United States,2020-04-26,965785
United States,2020-04-27,988197
United States,2020-04-28,1012582
United States,2020-04-29,1039909
United States,2020-04-30,1069424
United States,2020-05-01,1103461
United States,2020-05-02,1132539
United States,2020-05-03,1158040
United States,2020-05-04,1180375
United States,2020-05-05,1204351
United States,2020-05-06,1229331
United States,2020-05-07,1257023
United States,2020-05-08,1283929
United States,2020-05-09,1309550
United States,2020-05-10,1329260
United States,2020-05-11,1347881
United States,2020-05-12,1369376
United States,2020-05-13,1390406
United States,2020-05-14,1417774
India,2020-01-22,0
India,2020-01-23,0
India,2020-01-24,0
India,2020-01-25,0
India,2020-01-26,0
India,2020-01-27,0
India,2020-01-28,0
India,2020-01-29,0
India,2020-01-30,1
India,2020-01-31,1
India,2020-02-01,1
India,2020-02-02,2
India,2020-02-03,3
India,2020-02-04,3
India,2020-02-05,3
India,2020-02-06,3
India,2020-02-07,3
India,2020-02-08,3
India,2020-02-09,3
India,2020-02-10,3
India,2020-02-11,3
India,2020-02-12,3
India,2020-02-13,3
India,2020-02-14,3
India,2020-02-15,3
India,2020-02-16,3
India,2020-02-17,3
India,2020-02-18,3
India,2020-02-19,3
India,2020-02-20,3
India,2020-02-21,3
India,2020-02-22,3
India,2020-02-23,3
India,2020-02-24,3
India,2020-02-25,3
India,2020-02-26,3
India,2020-02-27,3
India,2020-02-28,3
India,2020-02-29,3
India,2020-03-01,3
India,2020-03-02,5
India,2020-03-03,5
India,2020-03-04,28
India,2020-03-05,30
India,2020-03-06,31
India,2020-03-07,34
India,2020-03-08,39
India,2020-03-09,43
India,2020-03-10,56
India,2020-03-11,62
India,2020-03-12,73
India,2020-03-13,82
India,2020-03-14,102
India,2020-03-15,113
India,2020-03-16,119
India,2020-03-17,142
India,2020-03-18,156
India,2020-03-19,194
India,2020-03-20,244
India,2020-03-21,330
India,2020-03-22,396
India,2020-03-23,499
India,2020-03-24,536
India,2020-03-25,657
India,2020-03-26,727
India,2020-03-27,887
India,2020-03-28,987
India,2020-03-29,1024
India,2020-03-30,1251
India,2020-03-31,1397
India,2020-04-01,1998
India,2020-04-02,2543
India,2020-04-03,2567
India,2020-04-04,3082
India,2020-04-05,3588
India,2020-04-06,4778
India,2020-04-07,5311
India,2020-04-08,5916
India,2020-04-09,6725
India,2020-04-10,7598
India,2020-04-11,8446
India,2020-04-12,9205
India,2020-04-13,10453
India,2020-04-14,11487
India,2020-04-15,12322
India,2020-04-16,13430
India,2020-04-17,14352
India,2020-04-18,15722
India,2020-04-19,17615
India,2020-04-20,18539
India,2020-04-21,20080
India,2020-04-22,21370
India,2020-04-23,23077
India,2020-04-24,24530
India,2020-04-25,26283
India,2020-04-26,27890
India,2020-04-27,29451
India,2020-04-28,31324
India,2020-04-29,33062
India,2020-04-30,34863
India,2020-05-01,37257
India,2020-05-02,39699
India,2020-05-03,42505
India,2020-05-04,46437
India,2020-05-05,49400
India,2020-05-06,52987
India,2020-05-07,56351
India,2020-05-08,59695
India,2020-05-09,62808
India,2020-05-10,67161
India,2020-05-11,70768
India,2020-05-12,74292
India,2020-05-13,78055
India,2020-05-14,81997
Italy,2020-01-22,0
Italy,2020-01-23,0
Italy,2020-01-24,0
Italy,2020-01-25,0
Italy,2020-01-26,0
Italy,2020-01-27,0
Italy,2020-01-28,0
Italy,2020-01-29,0
Italy,2020-01-30,0
Italy,2020-01-31,2
Italy,2020-02-01,2
Italy,2020-02-02,2
Italy,2020-02-03,2
Italy,2020-02-04,2
Italy,2020-02-05,2
Italy,2020-02-06,2
Italy,2020-02-07,3
Italy,2020-02-08,3
Italy,2020-02-09,3
Italy,2020-02-10,3
Italy,2020-02-11,3
Italy,2020-02-12,3
Italy,2020-02-13,3
Italy,2020-02-14,3
Italy,2020-02-15,3
Italy,2020-02-16,3
Italy,2020-02-17,3
Italy,2020-02-18,3
Italy,2020-02-19,3
Italy,2020-02-20,3
Italy,2020-02-21,20
Italy,2020-02-22,62
Italy,2020-02-23,155
Italy,2020-02-24,229
Italy,2020-02-25,322
Italy,2020-02-26,453
Italy,2020-02-27,655
Italy,2020-02-28,888
Italy,2020-02-29,1128
Italy,2020-03-01,1694
Italy,2020-03-02,2036
Italy,2020-03-03,2502
Italy,2020-03-04,3089
Italy,2020-03-05,3858
Italy,2020-03-06,4636
Italy,2020-03-07,5883
Italy,2020-03-08,7375
Italy,2020-03-09,9172
Italy,2020-03-10,10149
Italy,2020-03-11,12462
Italy,2020-03-12,12462
Italy,2020-03-13,17660
Italy,2020-03-14,21157
Italy,2020-03-15,24747
Italy,2020-03-16,27980
Italy,2020-03-17,31506
Italy,2020-03-18,35713
Italy,2020-03-19,41035
Italy,2020-03-20,47021
Italy,2020-03-21,53578
Italy,2020-03-22,59138
Italy,2020-03-23,63927
Italy,2020-03-24,69176
Italy,2020-03-25,74386
Italy,2020-03-26,80589
Italy,2020-03-27,86498
Italy,2020-03-28,92472
Italy,2020-03-29,97689
Italy,2020-03-30,101739
Italy,2020-03-31,105792
Italy,2020-04-01,110574
Italy,2020-04-02,115242
Italy,2020-04-03,119827
Italy,2020-04-04,124632
Italy,2020-04-05,128948
Italy,2020-04-06,132547
Italy,2020-04-07,135586
Italy,2020-04-08,139422
Italy,2020-04-09,143626
Italy,2020-04-10,147577
Italy,2020-04-11,152271
Italy,2020-04-12,156363
Italy,2020-04-13,159516
Italy,2020-04-14,162488
Italy,2020-04-15,165155
Italy,2020-04-16,168941
Italy,2020-04-17,172434
Italy,2020-04-18,175925
Italy,2020-04-19,178972
Italy,2020-04-20,181228
Italy,2020-04-21,183957
Italy,2020-04-22,187327
Italy,2020-04-23,189973
Italy,2020-04-24,192994
Italy,2020-04-25,195351
Italy,2020-04-26,197675
Italy,2020-04-27,199414
Italy,2020-04-28,201505
Italy,2020-04-29,203591
Italy,2020-04-30,205463
Italy,2020-05-01,207428
Italy,2020-05-02,209328
Italy,2020-05-03,210717
Italy,2020-05-04,211938
Italy,2020-05-05,213013
Italy,2020-05-06,214457
Italy,2020-05-07,215858
Italy,2020-05-08,217185
Italy,2020-05-09,218268
Italy,2020-05-10,219070
Italy,2020-05-11,219814
Italy,2020-05-12,221216
Italy,2020-05-13,222104
Italy,2020-05-14,223096
Canada,2020-01-22,0
Canada,2020-01-23,0
Canada,2020-01-24,0
Canada,2020-01-25,0
Canada,2020-01-26,0
Canada,2020-01-27,0
Canada,2020-01-28,0
Canada,2020-01-29,0
Canada,2020-01-30,0
Canada,2020-01-31,0
Canada,2020-02-01,0
Canada,2020-02-02,0
Canada,2020-02-03,0
Canada,2020-02-04,0
Canada,2020-02-05,0
Canada,2020-02-06,0
Canada,2020-02-07,0
Canada,2020-02-08,0
Canada,2020-02-09,0
Canada,2020-02-10,0
Canada,2020-02-11,0
Canada,2020-02-12,0
Canada,2020-02-13,0
Canada,2020-02-14,0
Canada,2020-02-15,0
Canada,2020-02-16,0
Canada,2020-02-17,0
Canada,2020-02-18,0
Canada,2020-02-19,0
Canada,2020-02-20,0
Canada,2020-02-21,0
Canada,2020-02-22,0
Canada,2020-02-23,0
Canada,2020-02-24,0
Canada,2020-02-25,0
Canada,2020-02-26,0
Canada,2020-02-27,0
Canada,2020-02-28,0
Canada,2020-02-29,0
Canada,2020-03-01,0
Canada,2020-03-02,0
Canada,2020-03-03,0
Canada,2020-03-04,0
Canada,2020-03-05,0
Canada,2020-03-06,1
Canada,2020-03-07,2
Canada,2020-03-08,4
Canada,2020-03-09,7
Canada,2020-03-10,7
Canada,2020-03-11,19
Canada,2020-03-12,19
Canada,2020-03-13,29
Canada,2020-03-14,29
Canada,2020-03-15,39
Canada,2020-03-16,56
Canada,2020-03-17,74
Canada,2020-03-18,97
Canada,2020-03-19,119
Canada,2020-03-20,146
Canada,2020-03-21,195
Canada,2020-03-22,259
Canada,2020-03-23,301
Canada,2020-03-24,359
Canada,2020-03-25,358
Canada,2020-03-26,486
Canada,2020-03-27,542
Canada,2020-03-28,542
Canada,2020-03-29,621
Canada,2020-03-30,661
Canada,2020-03-31,690
Canada,2020-04-01,754
Canada,2020-04-02,969
Canada,2020-04-03,969
Canada,2020-04-04,1075
Canada,2020-04-05,1181
Canada,2020-04-06,1250
Canada,2020-04-07,1373
Canada,2020-04-08,1373
Canada,2020-04-09,1423
Canada,2020-04-10,1451
Canada,2020-04-11,1567
Canada,2020-04-12,1567
Canada,2020-04-13,1732
Canada,2020-04-14,1870
Canada,2020-04-15,1870
Canada,2020-04-16,1996
Canada,2020-04-17,2397
Canada,2020-04-18,2562
Canada,2020-04-19,2803
Canada,2020-04-20,2908
Canada,2020-04-21,3095
Canada,2020-04-22,3401
Canada,2020-04-23,3720
Canada,2020-04-24,4017
Canada,2020-04-25,4233
Canada,2020-04-26,4480
Canada,2020-04-27,4696
Canada,2020-04-28,4850
Canada,2020-04-29,5165
Canada,2020-04-30,5355
Canada,2020-05-01,5573
Canada,2020-05-02,5670
Canada,2020-05-03,5766
Canada,2020-05-04,5836
Canada,2020-05-05,5893
Canada,2020-05-06,5963
Canada,2020-05-07,6017
Canada,2020-05-08,6098
Canada,2020-05-09,6157
Canada,2020-05-10,6253
Canada,2020-05-11,6300
Canada,2020-05-12,6345
Canada,2020-05-13,6407
Canada,2020-05-14,6457
Spain,2020-01-22,0
Spain,2020-01-23,0
Spain,2020-01-24,0
Spain,2020-01-25,0
Spain,2020-01-26,0
Spain,2020-01-27,0
Spain,2020-01-28,0
Spain,2020-01-29,0
Spain,2020-01-30,0
Spain,2020-01-31,0
Spain,2020-02-01,1
Spain,2020-02-02,1
Spain,2020-02-03,1
Spain,2020-02-04,1
Spain,2020-02-05,1
Spain,2020-02-06,1
Spain,2020-02-07,1
Spain,2020-02-08,1
Spain,2020-02-09,2
Spain,2020-02-10,2
Spain,2020-02-11,2
Spain,2020-02-12,2
Spain,2020-02-13,2
Spain,2020-02-14,2
Spain,2020-02-15,2
Spain,2020-02-16,2
Spain,2020-02-17,2
Spain,2020-02-18,2
Spain,2020-02-19,2
Spain,2020-02-20,2
Spain,2020-02-21,2
Spain,2020-02-22,2
Spain,2020-02-23,2
Spain,2020-02-24,2
Spain,2020-02-25,6
Spain,2020-02-26,13
Spain,2020-02-27,15
Spain,2020-02-28,32
Spain,2020-02-29,45
Spain,2020-03-01,84
Spain,2020-03-02,120
Spain,2020-03-03,165
Spain,2020-03-04,222
Spain,2020-03-05,259
Spain,2020-03-06,400
Spain,2020-03-07,500
Spain,2020-03-08,673
Spain,2020-03-09,1073
Spain,2020-03-10,1695
Spain,2020-03-11,2277
Spain,2020-03-12,2277
Spain,2020-03-13,5232
Spain,2020-03-14,6391
Spain,2020-03-15,7798
Spain,2020-03-16,9942
Spain,2020-03-17,11748
Spain,2020-03-18,13910
Spain,2020-03-19,17963
Spain,2020-03-20,20410
Spain,2020-03-21,25374
Spain,2020-03-22,28768
Spain,2020-03-23,35136
Spain,2020-03-24,39885
Spain,2020-03-25,49515
Spain,2020-03-26,57786
Spain,2020-03-27,65719
Spain,2020-03-28,73235
Spain,2020-03-29,80110
Spain,2020-03-30,87956
Spain,2020-03-31,95923
Spain,2020-04-01,104118
Spain,2020-04-02,112065
Spain,2020-04-03,119199
Spain,2020-04-04,126168
Spain,2020-04-05,131646
Spain,2020-04-06,136675
Spain,2020-04-07,141942
Spain,2020-04-08,148220
Spain,2020-04-09,153222
Spain,2020-04-10,158273
Spain,2020-04-11,163027
Spain,2020-04-12,166831
Spain,2020-04-13,170099
Spain,2020-04-14,172541
Spain,2020-04-15,177644
Spain,2020-04-16,184948
Spain,2020-04-17,190839
Spain,2020-04-18,191726
Spain,2020-04-19,198674
Spain,2020-04-20,200210
Spain,2020-04-21,204178
Spain,2020-04-22,208389
Spain,2020-04-23,213024
Spain,2020-04-24,202990
Spain,2020-04-25,205905
Spain,2020-04-26,207634
Spain,2020-04-27,209465
Spain,2020-04-28,210773
Spain,2020-04-29,212917
Spain,2020-04-30,213435
Spain,2020-05-01,215216
Spain,2020-05-02,216582
Spain,2020-05-03,217466
Spain,2020-05-04,218011
Spain,2020-05-05,219329
Spain,2020-05-06,220325
Spain,2020-05-07,221447
Spain,2020-05-08,222857
Spain,2020-05-09,223578
Spain,2020-05-10,224350
Spain,2020-05-11,227436
Spain,2020-05-12,228030
Spain,2020-05-13,228691
Spain,2020-05-14,229540
France,2020-01-22,0
France,2020-01-23,0
France,2020-01-24,0
France,2020-01-25,0
France,2020-01-26,0
France,2020-01-27,0
France,2020-01-28,0
France,2020-01-29,0
France,2020-01-30,0
France,2020-01-31,0
France,2020-02-01,0
France,2020-02-02,0
France,2020-02-03,0
France,2020-02-04,0
France,2020-02-05,0
France,2020-02-06,0
France,2020-02-07,0
France,2020-02-08,0
France,2020-02-09,0
France,2020-02-10,0
France,2020-02-11,0
France,2020-02-12,0
France,2020-02-13,0
France,2020-02-14,0
France,2020-02-15,0
France,2020-02-16,0
France,2020-02-17,0
France,2020-02-18,0
France,2020-02-19,0
France,2020-02-20,0
France,2020-02-21,0
France,2020-02-22,0
France,2020-02-23,0
France,2020-02-24,0
France,2020-02-25,0
France,2020-02-26,0
France,2020-02-27,0
France,2020-02-28,0
France,2020-02-29,0
France,2020-03-01,0
France,2020-03-02,0
France,2020-03-03,0
France,2020-03-04,0
France,2020-03-05,0
France,2020-03-06,0
France,2020-03-07,5
France,2020-03-08,5
France,2020-03-09,5
France,2020-03-10,5
France,2020-03-11,5
France,2020-03-12,5
France,2020-03-13,5
France,2020-03-14,5
France,2020-03-15,7
France,2020-03-16,11
France,2020-03-17,11
France,2020-03-18,11
France,2020-03-19,11
France,2020-03-20,15
France,2020-03-21,18
France,2020-03-22,18
France,2020-03-23,20
France,2020-03-24,23
France,2020-03-25,28
France,2020-03-26,28
France,2020-03-27,28
France,2020-03-28,28
France,2020-03-29,28
France,2020-03-30,43
France,2020-03-31,43
France,2020-04-01,51
France,2020-04-02,51
France,2020-04-03,57
France,2020-04-04,61
France,2020-04-05,61
France,2020-04-06,72
France,2020-04-07,72
France,2020-04-08,77
France,2020-04-09,83
France,2020-04-10,83
France,2020-04-11,83
France,2020-04-12,86
France,2020-04-13,86
France,2020-04-14,86
France,2020-04-15,86
France,2020-04-16,86
France,2020-04-17,96
France,2020-04-18,96
France,2020-04-19,96
France,2020-04-20,97
France,2020-04-21,97
France,2020-04-22,97
France,2020-04-23,107
France,2020-04-24,111
France,2020-04-25,111
France,2020-04-26,111
France,2020-04-27,111
France,2020-04-28,125
France,2020-04-29,125
France,2020-04-30,126
France,2020-05-01,128
France,2020-05-02,128
France,2020-05-03,128
France,2020-05-04,133
France,2020-05-05,133
France,2020-05-06,138
France,2020-05-07,138
France,2020-05-08,141
France,2020-05-09,141
France,2020-05-10,144
France,2020-05-11,144
France,2020-05-12,144
France,2020-05-13,153
France,2020-05-14,164
United Kingdom,2020-01-22,0
United Kingdom,2020-01-23,0
United Kingdom,2020-01-24,0
United Kingdom,2020-01-25,0
United Kingdom,2020-01-26,0
United Kingdom,2020-01-27,0
United Kingdom,2020-01-28,0
United Kingdom,2020-01-29,0
United Kingdom,2020-01-30,0
United Kingdom,2020-01-31,0
United Kingdom,2020-02-01,0
United Kingdom,2020-02-02,0
United Kingdom,2020-02-03,0
United Kingdom,2020-02-04,0
United Kingdom,2020-02-05,0
United Kingdom,2020-02-06,0
United Kingdom,2020-02-07,0
United Kingdom,2020-02-08,0
United Kingdom,2020-02-09,0
United Kingdom,2020-02-10,0
United Kingdom,2020-02-11,0
United Kingdom,2020-02-12,0
United Kingdom,2020-02-13,0
United Kingdom,2020-02-14,0
United Kingdom,2020-02-15,0
United Kingdom,2020-02-16,0
United Kingdom,2020-02-17,0
United Kingdom,2020-02-18,0
United Kingdom,2020-02-19,0
United Kingdom,2020-02-20,0
United Kingdom,2020-02-21,0
United Kingdom,2020-02-22,0
United Kingdom,2020-02-23,0
United Kingdom,2020-02-24,0
United Kingdom,2020-02-25,0
United Kingdom,2020-02-26,0
United Kingdom,2020-02-27,0
United Kingdom,2020-02-28,0
United Kingdom,2020-02-29,0
United Kingdom,2020-03-01,0
United Kingdom,2020-03-02,0
United Kingdom,2020-03-03,0
United Kingdom,2020-03-04,0
United Kingdom,2020-03-05,0
United Kingdom,2020-03-06,0
United Kingdom,2020-03-07,0
United Kingdom,2020-03-08,0
United Kingdom,2020-03-09,0
United Kingdom,2020-03-10,0
United Kingdom,2020-03-11,0
United Kingdom,2020-03-12,0
United Kingdom,2020-03-13,0
United Kingdom,2020-03-14,0
United Kingdom,2020-03-15,0
United Kingdom,2020-03-16,0
United Kingdom,2020-03-17,0
United Kingdom,2020-03-18,0
United Kingdom,2020-03-19,2
United Kingdom,2020-03-20,2
United Kingdom,2020-03-21,2
United Kingdom,2020-03-22,6
United Kingdom,2020-03-23,6
United Kingdom,2020-03-24,6
United Kingdom,2020-03-25,7
United Kingdom,2020-03-26,15
United Kingdom,2020-03-27,17
United Kingdom,2020-03-28,17
United Kingdom,2020-03-29,22
United Kingdom,2020-03-30,27
United Kingdom,2020-03-31,32
United Kingdom,2020-04-01,32
United Kingdom,2020-04-02,35
United Kingdom,2020-04-03,35
United Kingdom,2020-04-04,35
United Kingdom,2020-04-05,37
United Kingdom,2020-04-06,39
United Kingdom,2020-04-07,39
United Kingdom,2020-04-08,39
United Kingdom,2020-04-09,48
United Kingdom,2020-04-10,48
United Kingdom,2020-04-11,48
United Kingdom,2020-04-12,57
United Kingdom,2020-04-13,57
United Kingdom,2020-04-14,57
United Kingdom,2020-04-15,81
United Kingdom,2020-04-16,81
United Kingdom,2020-04-17,83
United Kingdom,2020-04-18,83
United Kingdom,2020-04-19,86
United Kingdom,2020-04-20,86
United Kingdom,2020-04-21,86
United Kingdom,2020-04-22,99
United Kingdom,2020-04-23,99
United Kingdom,2020-04-24,99
United Kingdom,2020-04-25,109
United Kingdom,2020-04-26,109
United Kingdom,2020-04-27,110
United Kingdom,2020-04-28,110
United Kingdom,2020-04-29,111
United Kingdom,2020-04-30,114
United Kingdom,2020-05-01,114
United Kingdom,2020-05-02,114
United Kingdom,2020-05-03,115
United Kingdom,2020-05-04,115
United Kingdom,2020-05-05,115
United Kingdom,2020-05-06,118
United Kingdom,2020-05-07,118
United Kingdom,2020-05-08,118
United Kingdom,2020-05-09,118
United Kingdom,2020-05-10,118
United Kingdom,2020-05-11,119
United Kingdom,2020-05-12,121
United Kingdom,2020-05-13,121
United Kingdom,2020-05-14,122
Iraq,2020-01-22,0
Iraq,2020-01-23,0
Iraq,2020-01-24,0
Iraq,2020-01-25,0
Iraq,2020-01-26,0
Iraq,2020-01-27,0
Iraq,2020-01-28,0
Iraq,2020-01-29,0
Iraq,2020-01-30,0
Iraq,2020-01-31,0
Iraq,2020-02-01,0
Iraq,2020-02-02,0
Iraq,2020-02-03,0
Iraq,2020-02-04,0
Iraq,2020-02-05,0
Iraq,2020-02-06,0
Iraq,2020-02-07,0
Iraq,2020-02-08,0
Iraq,2020-02-09,0
Iraq,2020-02-10,0
Iraq,2020-02-11,0
Iraq,2020-02-12,0
Iraq,2020-02-13,0
Iraq,2020-02-14,0
Iraq,2020-02-15,0
Iraq,2020-02-16,0
Iraq,2020-02-17,0
Iraq,2020-02-18,0
Iraq,2020-02-19,0
Iraq,2020-02-20,0
Iraq,2020-02-21,0
Iraq,2020-02-22,0
Iraq,2020-02-23,0
Iraq,2020-02-24,1
Iraq,2020-02-25,1
Iraq,2020-02-26,5
Iraq,2020-02-27,7
Iraq,2020-02-28,7
Iraq,2020-02-29,13
Iraq,2020-03-01,19
Iraq,2020-03-02,26
Iraq,2020-03-03,32
Iraq,2020-03-04,35
Iraq,2020-03-05,35
Iraq,2020-03-06,40
Iraq,2020-03-07,54
Iraq,2020-03-08,60
Iraq,2020-03-09,60
Iraq,2020-03-10,71
Iraq,2020-03-11,71
Iraq,2020-03-12,71
Iraq,2020-03-13,101
Iraq,2020-03-14,110
Iraq,2020-03-15,116
Iraq,2020-03-16,124
Iraq,2020-03-17,154
Iraq,2020-03-18,164
Iraq,2020-03-19,192
Iraq,2020-03-20,208
Iraq,2020-03-21,214
Iraq,2020-03-22,233
Iraq,2020-03-23,266
Iraq,2020-03-24,316
Iraq,2020-03-25,346
Iraq,2020-03-26,382
Iraq,2020-03-27,458
Iraq,2020-03-28,506
Iraq,2020-03-29,547
Iraq,2020-03-30,630
Iraq,2020-03-31,694
Iraq,2020-04-01,728
Iraq,2020-04-02,772
Iraq,2020-04-03,820
Iraq,2020-04-04,878
Iraq,2020-04-05,961
Iraq,2020-04-06,1031
Iraq,2020-04-07,1122
Iraq,2020-04-08,1202
Iraq,2020-04-09,1232
Iraq,2020-04-10,1279
Iraq,2020-04-11,1318
Iraq,2020-04-12,1352
Iraq,2020-04-13,1378
Iraq,2020-04-14,1400
Iraq,2020-04-15,1415
Iraq,2020-04-16,1434
Iraq,2020-04-17,1482
Iraq,2020-04-18,1513
Iraq,2020-04-19,1539
Iraq,2020-04-20,1574
Iraq,2020-04-21,1602
Iraq,2020-04-22,1631
Iraq,2020-04-23,1677
Iraq,2020-04-24,1708
Iraq,2020-04-25,1763
Iraq,2020-04-26,1820
Iraq,2020-04-27,1847
Iraq,2020-04-28,1928
Iraq,2020-04-29,2003
Iraq,2020-04-30,2085
Iraq,2020-05-01,2153
Iraq,2020-05-02,2219
Iraq,2020-05-03,2296
Iraq,2020-05-04,2346
Iraq,2020-05-05,2431
Iraq,2020-05-06,2480
Iraq,2020-05-07,2543
Iraq,2020-05-08,2603
Iraq,2020-05-09,2679
Iraq,2020-05-10,2767
Iraq,2020-05-11,2818
Iraq,2020-05-12,2913
Iraq,2020-05-13,3032
Iraq,2020-05-14,3143
Japan,2020-01-22,2
Japan,2020-01-23,2
Japan,2020-01-24,2
Japan,2020-01-25,2
Japan,2020-01-26,4
Japan,2020-01-27,4
Japan,2020-01-28,7
Japan,2020-01-29,7
Japan,2020-01-30,11
Japan,2020-01-31,15
Japan,2020-02-01,20
Japan,2020-02-02,20
Japan,2020-02-03,20
Japan,2020-02-04,22
Japan,2020-02-05,22
Japan,2020-02-06,22
Japan,2020-02-07,25
Japan,2020-02-08,25
Japan,2020-02-09,26
Japan,2020-02-10,26
Japan,2020-02-11,26
Japan,2020-02-12,28
Japan,2020-02-13,28
Japan,2020-02-14,29
Japan,2020-02-15,43
Japan,2020-02-16,59
Japan,2020-02-17,66
Japan,2020-02-18,74
Japan,2020-02-19,84
Japan,2020-02-20,94
Japan,2020-02-21,105
Japan,2020-02-22,122
Japan,2020-02-23,147
Japan,2020-02-24,159
Japan,2020-02-25,170
Japan,2020-02-26,189
Japan,2020-02-27,214
Japan,2020-02-28,228
Japan,2020-02-29,241
Japan,2020-03-01,256
Japan,2020-03-02,274
Japan,2020-03-03,293
Japan,2020-03-04,331
Japan,2020-03-05,360
Japan,2020-03-06,420
Japan,2020-03-07,461
Japan,2020-03-08,502
Japan,2020-03-09,511
Japan,2020-03-10,581
Japan,2020-03-11,639
Japan,2020-03-12,639
Japan,2020-03-13,701
Japan,2020-03-14,773
Japan,2020-03-15,839
Japan,2020-03-16,839
Japan,2020-03-17,878
Japan,2020-03-18,889
Japan,2020-03-19,924
Japan,2020-03-20,963
Japan,2020-03-21,1007
Japan,2020-03-22,1101
Japan,2020-03-23,1128
Japan,2020-03-24,1193
Japan,2020-03-25,1307
Japan,2020-03-26,1387
Japan,2020-03-27,1468
Japan,2020-03-28,1693
Japan,2020-03-29,1866
Japan,2020-03-30,1866
Japan,2020-03-31,1953
Japan,2020-04-01,2178
Japan,2020-04-02,2495
Japan,2020-04-03,2617
Japan,2020-04-04,3139
Japan,2020-04-05,3139
Japan,2020-04-06,3654
Japan,2020-04-07,3906
Japan,2020-04-08,4257
Japan,2020-04-09,4667
Japan,2020-04-10,5530
Japan,2020-04-11,6005
Japan,2020-04-12,6748
Japan,2020-04-13,7370
Japan,2020-04-14,7645
Japan,2020-04-15,8100
Japan,2020-04-16,8626
Japan,2020-04-17,9787
Japan,2020-04-18,10296
Japan,2020-04-19,10797
Japan,2020-04-20,10797
Japan,2020-04-21,11135
Japan,2020-04-22,11512
Japan,2020-04-23,12368
Japan,2020-04-24,12829
Japan,2020-04-25,13231
Japan,2020-04-26,13441
Japan,2020-04-27,14153
Japan,2020-04-28,13736
Japan,2020-04-29,13895
Japan,2020-04-30,14088
Japan,2020-05-01,14305
Japan,2020-05-02,14571
Japan,2020-05-03,14877
Japan,2020-05-04,15078
Japan,2020-05-05,15253
Japan,2020-05-06,15253
Japan,2020-05-07,15477
Japan,2020-05-08,15575
Japan,2020-05-09,15663
Japan,2020-05-10,15777
Japan,2020-05-11,15847
Japan,2020-05-12,15968
Japan,2020-05-13,16049
Japan,2020-05-14,16120
Germany,2020-01-22,0
Germany,2020-01-23,0
Germany,2020-01-24,0
Germany,2020-01-25,0
Germany,2020-01-26,0
Germany,2020-01-27,1
Germany,2020-01-28,4
Germany,2020-01-29,4
Germany,2020-01-30,4
Germany,2020-01-31,5
Germany,2020-02-01,8
Germany,2020-02-02,10
Germany,2020-02-03,12
Germany,2020-02-04,12
Germany,2020-02-05,12
Germany,2020-02-06,12
Germany,2020-02-07,13
Germany,2020-02-08,13
Germany,2020-02-09,14
Germany,2020-02-10,14
Germany,2020-02-11,16
Germany,2020-02-12,16
Germany,2020-02-13,16
Germany,2020-02-14,16
Germany,2020-02-15,16
Germany,2020-02-16,16
Germany,2020-02-17,16
Germany,2020-02-18,16
Germany,2020-02-19,16
Germany,2020-02-20,16
Germany,2020-02-21,16
Germany,2020-02-22,16
Germany,2020-02-23,16
Germany,2020-02-24,16
Germany,2020-02-25,17
Germany,2020-02-26,27
Germany,2020-02-27,46
Germany,2020-02-28,48
Germany,2020-02-29,79
Germany,2020-03-01,130
Germany,2020-03-02,159
Germany,2020-03-03,196
Germany,2020-03-04,262
Germany,2020-03-05,482
Germany,2020-03-06,670
Germany,2020-03-07,799
Germany,2020-03-08,1040
Germany,2020-03-09,1176
Germany,2020-03-10,1457
Germany,2020-03-11,1908
Germany,2020-03-12,2078
Germany,2020-03-13,3675
Germany,2020-03-14,4585
Germany,2020-03-15,5795
Germany,2020-03-16,7272
Germany,2020-03-17,9257
Germany,2020-03-18,12327
Germany,2020-03-19,15320
Germany,2020-03-20,19848
Germany,2020-03-21,22213
Germany,2020-03-22,24873
Germany,2020-03-23,29056
Germany,2020-03-24,32986
Germany,2020-03-25,37323
Germany,2020-03-26,43938
Germany,2020-03-27,50871
Germany,2020-03-28,57695
Germany,2020-03-29,62095
Germany,2020-03-30,66885
Germany,2020-03-31,71808
Germany,2020-04-01,77872
Germany,2020-04-02,84794
Germany,2020-04-03,91159
Germany,2020-04-04,96092
Germany,2020-04-05,100123
Germany,2020-04-06,103374
Germany,2020-04-07,107663
Germany,2020-04-08,113296
Germany,2020-04-09,118181
Germany,2020-04-10,122171
Germany,2020-04-11,124908
Germany,2020-04-12,127854
Germany,2020-04-13,130072
Germany,2020-04-14,131359
Germany,2020-04-15,134753
Germany,2020-04-16,137698
Germany,2020-04-17,141397
Germany,2020-04-18,143342
Germany,2020-04-19,145184
Germany,2020-04-20,147065
Germany,2020-04-21,148291
Germany,2020-04-22,150648
Germany,2020-04-23,153129
Germany,2020-04-24,154999
Germany,2020-04-25,156513
Germany,2020-04-26,157770
Germany,2020-04-27,158758
Germany,2020-04-28,159912
Germany,2020-04-29,161539
Germany,2020-04-30,163009
Germany,2020-05-01,164077
Germany,2020-05-02,164967
Germany,2020-05-03,165664
Germany,2020-05-04,166152
Germany,2020-05-05,167007
Germany,2020-05-06,168162
Germany,2020-05-07,169430
Germany,2020-05-08,170588
Germany,2020-05-09,171324
Germany,2020-05-10,171879
Germany,2020-05-11,172576
Germany,2020-05-12,173171
Germany,2020-05-13,174098
Germany,2020-05-14,174478
Brazil,2020-01-22,0
Brazil,2020-01-23,0
Brazil,2020-01-24,0
Brazil,2020-01-25,0
Brazil,2020-01-26,0
Brazil,2020-01-27,0
Brazil,2020-01-28,0
Brazil,2020-01-29,0
Brazil,2020-01-30,0
Brazil,2020-01-31,0
Brazil,2020-02-01,0
Brazil,2020-02-02,0
Brazil,2020-02-03,0
Brazil,2020-02-04,0
Brazil,2020-02-05,0
Brazil,2020-02-06,0
Brazil,2020-02-07,0
Brazil,2020-02-08,0
Brazil,2020-02-09,0
Brazil,2020-02-10,0
Brazil,2020-02-11,0
Brazil,2020-02-12,0
Brazil,2020-02-13,0
Brazil,2020-02-14,0
Brazil,2020-02-15,0
Brazil,2020-02-16,0
Brazil,2020-02-17,0
Brazil,2020-02-18,0
Brazil,2020-02-19,0
Brazil,2020-02-20,0
Brazil,2020-02-21,0
Brazil,2020-02-22,0
Brazil,2020-02-23,0
Brazil,2020-02-24,0
Brazil,2020-02-25,0
Brazil,2020-02-26,1
Brazil,2020-02-27,1
Brazil,2020-02-28,1
Brazil,2020-02-29,2
Brazil,2020-03-01,2
Brazil,2020-03-02,2
Brazil,2020-03-03,2
Brazil,2020-03-04,4
Brazil,2020-03-05,4
Brazil,2020-03-06,13
Brazil,2020-03-07,13
Brazil,2020-03-08,20
Brazil,2020-03-09,25
Brazil,2020-03-10,31
Brazil,2020-03-11,38
Brazil,2020-03-12,52
Brazil,2020-03-13,151
Brazil,2020-03-14,151
Brazil,2020-03-15,162
Brazil,2020-03-16,200
Brazil,2020-03-17,321
Brazil,2020-03-18,372
Brazil,2020-03-19,621
Brazil,2020-03-20,793
Brazil,2020-03-21,1021
Brazil,2020-03-22,1546
Brazil,2020-03-23,1924
Brazil,2020-03-24,2247
Brazil,2020-03-25,2554
Brazil,2020-03-26,2985
Brazil,2020-03-27,3417
Brazil,2020-03-28,3904
Brazil,2020-03-29,4256
Brazil,2020-03-30,4579
Brazil,2020-03-31,5717
Brazil,2020-04-01,6836
Brazil,2020-04-02,8044
Brazil,2020-04-03,9056
Brazil,2020-04-04,10360
Brazil,2020-04-05,11130
Brazil,2020-04-06,12161
Brazil,2020-04-07,14034
Brazil,2020-04-08,16170
Brazil,2020-04-09,18092
Brazil,2020-04-10,19638
Brazil,2020-04-11,20727
Brazil,2020-04-12,22192
Brazil,2020-04-13,23430
Brazil,2020-04-14,25262
Brazil,2020-04-15,28320
Brazil,2020-04-16,30425
Brazil,2020-04-17,33682
Brazil,2020-04-18,36658
Brazil,2020-04-19,38654
Brazil,2020-04-20,40743
Brazil,2020-04-21,43079
Brazil,2020-04-22,45757
Brazil,2020-04-23,50036
Brazil,2020-04-24,54043
Brazil,2020-04-25,59324
Brazil,2020-04-26,63100
Brazil,2020-04-27,67446
Brazil,2020-04-28,73235
Brazil,2020-04-29,79685
Brazil,2020-04-30,87187
Brazil,2020-05-01,92202
Brazil,2020-05-02,97100
Brazil,2020-05-03,101826
Brazil,2020-05-04,108620
Brazil,2020-05-05,115455
Brazil,2020-05-06,126611
Brazil,2020-05-07,135773
Brazil,2020-05-08,146894
Brazil,2020-05-09,156061
Brazil,2020-05-10,162699
Brazil,2020-05-11,169594
Brazil,2020-05-12,178214
Brazil,2020-05-13,190137
Brazil,2020-05-14,203165
